instant,dteday,season,yr,mnth,holiday,weekday,workingday,weathersit,temp,atemp,hum,windspeed,casual,registered,cnt,season_new,weekday_new,weathersit_new,temp_cat
1,2011-01-01,1,0,1,0,6,0,2,14,18,81,11,331,654,985,Spring,Saturday,"Mist + Cloudy, Mist + Broken clouds, Mist + Few clouds, Mist",Cool
2,2011-01-02,1,0,1,0,0,0,2,15,18,70,17,131,670,801,Spring,Sunday,"Mist + Cloudy, Mist + Broken clouds, Mist + Few clouds, Mist",Cool
3,2011-01-03,1,0,1,0,1,1,1,8,9,44,17,120,1229,1349,Spring,Monday,"Clear, Few clouds, Partly cloudy, Partly cloudy",Cold
4,2011-01-04,1,0,1,0,2,1,1,8,11,59,11,108,1454,1562,Spring,Tuesday,"Clear, Few clouds, Partly cloudy, Partly cloudy",Cold
5,2011-01-05,1,0,1,0,3,1,1,9,11,44,13,82,1518,1600,Spring,Wednesday,"Clear, Few clouds, Partly cloudy, Partly cloudy",Cold
6,2011-01-06,1,0,1,0,4,1,1,8,12,52,6,88,1518,1606,Spring,Thursday,"Clear, Few clouds, Partly cloudy, Partly cloudy",Cold
7,2011-01-07,1,0,1,0,5,1,2,8,10,50,11,148,1362,1510,Spring,Friday,"Mist + Cloudy, Mist + Broken clouds, Mist + Few clouds, Mist",Cold
8,2011-01-08,1,0,1,0,6,0,2,7,8,54,18,68,891,959,Spring,Saturday,"Mist + Cloudy, Mist + Broken clouds, Mist + Few clouds, Mist",Cold
9,2011-01-09,1,0,1,0,0,0,1,6,6,43,24,54,768,822,Spring,Sunday,"Clear, Few clouds, Partly cloudy, Partly cloudy",Cold
10,2011-01-10,1,0,1,0,1,1,1,6,8,48,15,41,1280,1321,Spring,Monday,"Clear, Few clouds, Partly cloudy, Partly cloudy",Cold
11,2011-01-11,1,0,1,0,2,1,2,7,10,69,8,43,1220,1263,Spring,Tuesday,"Mist + Cloudy, Mist + Broken clouds, Mist + Few clouds, Mist",Cold
12,2011-01-12,1,0,1,0,3,1,1,7,8,60,20,25,1137,1162,Spring,Wednesday,"Clear, Few clouds, Partly cloudy, Partly cloudy",Cold
13,2011-01-13,1,0,1,0,4,1,1,7,8,47,20,38,1368,1406,Spring,Thursday,"Clear, Few clouds, Partly cloudy, Partly cloudy",Cold
14,2011-01-14,1,0,1,0,5,1,1,7,9,54,8,54,1367,1421,Spring,Friday,"Clear, Few clouds, Partly cloudy, Partly cloudy",Cold
15,2011-01-15,1,0,1,0,6,0,2,10,12,50,11,222,1026,1248,Spring,Saturday,"Mist + Cloudy, Mist + Broken clouds, Mist + Few clouds, Mist",Cold
16,2011-01-16,1,0,1,0,0,0,1,9,12,48,13,251,953,1204,Spring,Sunday,"Clear, Few clouds, Partly cloudy, Partly cloudy",Cold
17,2011-01-17,1,0,1,1,1,0,2,7,9,54,13,117,883,1000,Spring,Monday,"Mist + Cloudy, Mist + Broken clouds, Mist + Few clouds, Mist",Cold
18,2011-01-18,1,0,1,0,2,1,2,9,12,86,10,9,674,683,Spring,Tuesday,"Mist + Cloudy, Mist + Broken clouds, Mist + Few clouds, Mist",Cold
19,2011-01-19,1,0,1,0,3,1,2,12,15,74,14,78,1572,1650,Spring,Wednesday,"Mist + Cloudy, Mist + Broken clouds, Mist + Few clouds, Mist",Cool
20,2011-01-20,1,0,1,0,4,1,2,11,13,54,13,83,1844,1927,Spring,Thursday,"Mist + Cloudy, Mist + Broken clouds, Mist + Few clouds, Mist",Cool
21,2011-01-21,1,0,1,0,5,1,1,7,8,46,24,75,1468,1543,Spring,Friday,"Clear, Few clouds, Partly cloudy, Partly cloudy",Cold
22,2011-01-22,1,0,1,0,6,0,1,2,4,40,12,93,888,981,Spring,Saturday,"Clear, Few clouds, Partly cloudy, Partly cloudy",Cold
23,2011-01-23,1,0,1,0,0,0,1,4,5,44,17,150,836,986,Spring,Sunday,"Clear, Few clouds, Partly cloudy, Partly cloudy",Cold
24,2011-01-24,1,0,1,0,1,1,1,4,6,49,11,86,1330,1416,Spring,Monday,"Clear, Few clouds, Partly cloudy, Partly cloudy",Cold
25,2011-01-25,1,0,1,0,2,1,2,9,12,62,9,186,1799,1985,Spring,Tuesday,"Mist + Cloudy, Mist + Broken clouds, Mist + Few clouds, Mist",Cold
26,2011-01-26,1,0,1,0,3,1,3,9,10,86,20,34,472,506,Spring,Wednesday,"Light Snow, Light Rain + Thunderstorm + Scattered clouds, Light Rain + Scattered clouds",Cold
27,2011-01-27,1,0,1,0,4,1,1,8,11,69,8,15,416,431,Spring,Thursday,"Clear, Few clouds, Partly cloudy, Partly cloudy",Cold
28,2011-01-28,1,0,1,0,5,1,2,8,11,79,8,38,1129,1167,Spring,Friday,"Mist + Cloudy, Mist + Broken clouds, Mist + Few clouds, Mist",Cold
29,2011-01-29,1,0,1,0,6,0,1,8,11,65,10,123,975,1098,Spring,Saturday,"Clear, Few clouds, Partly cloudy, Partly cloudy",Cold
30,2011-01-30,1,0,1,0,0,0,1,9,13,72,5,140,956,1096,Spring,Sunday,"Clear, Few clouds, Partly cloudy, Partly cloudy",Cold
31,2011-01-31,1,0,1,0,1,1,2,7,9,60,13,42,1459,1501,Spring,Monday,"Mist + Cloudy, Mist + Broken clouds, Mist + Few clouds, Mist",Cold
32,2011-02-01,1,0,2,0,2,1,2,8,12,83,4,47,1313,1360,Spring,Tuesday,"Mist + Cloudy, Mist + Broken clouds, Mist + Few clouds, Mist",Cold
33,2011-02-02,1,0,2,0,3,1,2,11,13,78,18,72,1454,1526,Spring,Wednesday,"Mist + Cloudy, Mist + Broken clouds, Mist + Few clouds, Mist",Cool
34,2011-02-03,1,0,2,0,4,1,1,8,9,44,19,61,1489,1550,Spring,Thursday,"Clear, Few clouds, Partly cloudy, Partly cloudy",Cold
35,2011-02-04,1,0,2,0,5,1,2,9,11,59,9,88,1620,1708,Spring,Friday,"Mist + Cloudy, Mist + Broken clouds, Mist + Few clouds, Mist",Cold
36,2011-02-05,1,0,2,0,6,0,2,10,12,93,11,100,905,1005,Spring,Saturday,"Mist + Cloudy, Mist + Broken clouds, Mist + Few clouds, Mist",Cold
37,2011-02-06,1,0,2,0,0,0,1,12,15,57,10,354,1269,1623,Spring,Sunday,"Clear, Few clouds, Partly cloudy, Partly cloudy",Cool
38,2011-02-07,1,0,2,0,1,1,1,11,15,74,3,120,1592,1712,Spring,Monday,"Clear, Few clouds, Partly cloudy, Partly cloudy",Cool
39,2011-02-08,1,0,2,0,2,1,1,9,10,54,24,64,1466,1530,Spring,Tuesday,"Clear, Few clouds, Partly cloudy, Partly cloudy",Cold
40,2011-02-09,1,0,2,0,3,1,2,6,7,49,13,53,1552,1605,Spring,Wednesday,"Mist + Cloudy, Mist + Broken clouds, Mist + Few clouds, Mist",Cold
41,2011-02-10,1,0,2,0,4,1,1,6,7,44,15,47,1491,1538,Spring,Thursday,"Clear, Few clouds, Partly cloudy, Partly cloudy",Cold
42,2011-02-11,1,0,2,0,5,1,1,8,11,51,7,149,1597,1746,Spring,Friday,"Clear, Few clouds, Partly cloudy, Partly cloudy",Cold
43,2011-02-12,1,0,2,0,6,0,1,9,12,54,14,288,1184,1472,Spring,Saturday,"Clear, Few clouds, Partly cloudy, Partly cloudy",Cold
44,2011-02-13,1,0,2,0,0,0,1,13,16,46,17,397,1192,1589,Spring,Sunday,"Clear, Few clouds, Partly cloudy, Partly cloudy",Cool
45,2011-02-14,1,0,2,0,1,1,1,17,20,38,28,208,1705,1913,Spring,Monday,"Clear, Few clouds, Partly cloudy, Partly cloudy",Cool
46,2011-02-15,1,0,2,0,2,1,1,11,13,31,20,140,1675,1815,Spring,Tuesday,"Clear, Few clouds, Partly cloudy, Partly cloudy",Cool
47,2011-02-16,1,0,2,0,3,1,1,13,16,42,17,218,1897,2115,Spring,Wednesday,"Clear, Few clouds, Partly cloudy, Partly cloudy",Cool
48,2011-02-17,1,0,2,0,4,1,1,18,21,50,15,259,2216,2475,Spring,Thursday,"Clear, Few clouds, Partly cloudy, Partly cloudy",Cool
49,2011-02-18,1,0,2,0,5,1,1,21,26,52,18,579,2348,2927,Spring,Friday,"Clear, Few clouds, Partly cloudy, Partly cloudy",Warm
50,2011-02-19,1,0,2,0,6,0,1,16,20,19,34,532,1103,1635,Spring,Saturday,"Clear, Few clouds, Partly cloudy, Partly cloudy",Cool
51,2011-02-20,1,0,2,0,0,0,1,12,14,41,15,639,1173,1812,Spring,Sunday,"Clear, Few clouds, Partly cloudy, Partly cloudy",Cool
52,2011-02-21,1,0,2,1,1,0,2,12,14,60,21,195,912,1107,Spring,Monday,"Mist + Cloudy, Mist + Broken clouds, Mist + Few clouds, Mist",Cool
53,2011-02-22,1,0,2,0,2,1,1,7,9,58,13,74,1376,1450,Spring,Tuesday,"Clear, Few clouds, Partly cloudy, Partly cloudy",Cold
54,2011-02-23,1,0,2,0,3,1,1,9,12,42,6,139,1778,1917,Spring,Wednesday,"Clear, Few clouds, Partly cloudy, Partly cloudy",Cold
55,2011-02-24,1,0,2,0,4,1,2,12,14,70,17,100,1707,1807,Spring,Thursday,"Mist + Cloudy, Mist + Broken clouds, Mist + Few clouds, Mist",Cool
56,2011-02-25,1,0,2,0,5,1,2,15,18,71,23,120,1341,1461,Spring,Friday,"Mist + Cloudy, Mist + Broken clouds, Mist + Few clouds, Mist",Cool
57,2011-02-26,1,0,2,0,6,0,1,12,14,54,13,424,1545,1969,Spring,Saturday,"Clear, Few clouds, Partly cloudy, Partly cloudy",Cool
58,2011-02-27,1,0,2,0,0,0,1,14,18,68,8,694,1708,2402,Spring,Sunday,"Clear, Few clouds, Partly cloudy, Partly cloudy",Cool
59,2011-02-28,1,0,2,0,1,1,2,17,20,88,19,81,1365,1446,Spring,Monday,"Mist + Cloudy, Mist + Broken clouds, Mist + Few clouds, Mist",Cool
60,2011-03-01,1,0,3,0,2,1,1,11,13,54,15,137,1714,1851,Spring,Tuesday,"Clear, Few clouds, Partly cloudy, Partly cloudy",Cool
61,2011-03-02,1,0,3,0,3,1,1,14,16,45,21,231,1903,2134,Spring,Wednesday,"Clear, Few clouds, Partly cloudy, Partly cloudy",Cool
62,2011-03-03,1,0,3,0,4,1,1,8,10,32,15,123,1562,1685,Spring,Thursday,"Clear, Few clouds, Partly cloudy, Partly cloudy",Cold
63,2011-03-04,1,0,3,0,5,1,2,11,13,61,14,214,1730,1944,Spring,Friday,"Mist + Cloudy, Mist + Broken clouds, Mist + Few clouds, Mist",Cool
64,2011-03-05,1,0,3,0,6,0,2,16,19,79,17,640,1437,2077,Spring,Saturday,"Mist + Cloudy, Mist + Broken clouds, Mist + Few clouds, Mist",Cool
65,2011-03-06,1,0,3,0,0,0,2,15,18,95,23,114,491,605,Spring,Sunday,"Mist + Cloudy, Mist + Broken clouds, Mist + Few clouds, Mist",Cool
66,2011-03-07,1,0,3,0,1,1,1,11,12,55,23,244,1628,1872,Spring,Monday,"Clear, Few clouds, Partly cloudy, Partly cloudy",Cool
67,2011-03-08,1,0,3,0,2,1,1,12,15,42,8,316,1817,2133,Spring,Tuesday,"Clear, Few clouds, Partly cloudy, Partly cloudy",Cool
68,2011-03-09,1,0,3,0,3,1,2,12,14,78,15,191,1700,1891,Spring,Wednesday,"Mist + Cloudy, Mist + Broken clouds, Mist + Few clouds, Mist",Cool
69,2011-03-10,1,0,3,0,4,1,3,16,19,0,18,46,577,623,Spring,Thursday,"Light Snow, Light Rain + Thunderstorm + Scattered clouds, Light Rain + Scattered clouds",Cool
70,2011-03-11,1,0,3,0,5,1,2,13,15,65,16,247,1730,1977,Spring,Friday,"Mist + Cloudy, Mist + Broken clouds, Mist + Few clouds, Mist",Cool
71,2011-03-12,1,0,3,0,6,0,1,13,16,59,15,724,1408,2132,Spring,Saturday,"Clear, Few clouds, Partly cloudy, Partly cloudy",Cool
72,2011-03-13,1,0,3,0,0,0,1,16,19,53,18,982,1435,2417,Spring,Sunday,"Clear, Few clouds, Partly cloudy, Partly cloudy",Cool
73,2011-03-14,1,0,3,0,1,1,1,13,17,50,9,359,1687,2046,Spring,Monday,"Clear, Few clouds, Partly cloudy, Partly cloudy",Cool
74,2011-03-15,1,0,3,0,2,1,2,13,16,66,12,289,1767,2056,Spring,Tuesday,"Mist + Cloudy, Mist + Broken clouds, Mist + Few clouds, Mist",Cool
75,2011-03-16,1,0,3,0,3,1,2,15,18,78,14,321,1871,2192,Spring,Wednesday,"Mist + Cloudy, Mist + Broken clouds, Mist + Few clouds, Mist",Cool
76,2011-03-17,1,0,3,0,4,1,1,17,21,60,14,424,2320,2744,Spring,Thursday,"Clear, Few clouds, Partly cloudy, Partly cloudy",Cool
77,2011-03-18,1,0,3,0,5,1,1,22,26,53,15,884,2355,3239,Spring,Friday,"Clear, Few clouds, Partly cloudy, Partly cloudy",Warm
78,2011-03-19,1,0,3,0,6,0,1,19,23,38,25,1424,1693,3117,Spring,Saturday,"Clear, Few clouds, Partly cloudy, Partly cloudy",Cool
79,2011-03-20,1,0,3,0,0,0,1,14,16,47,14,1047,1424,2471,Spring,Sunday,"Clear, Few clouds, Partly cloudy, Partly cloudy",Cool
80,2011-03-21,2,0,3,0,1,1,2,18,20,74,19,401,1676,2077,Summer,Monday,"Mist + Cloudy, Mist + Broken clouds, Mist + Few clouds, Mist",Cool
81,2011-03-22,2,0,3,0,2,1,1,18,22,62,15,460,2243,2703,Summer,Tuesday,"Clear, Few clouds, Partly cloudy, Partly cloudy",Cool
82,2011-03-23,2,0,3,0,3,1,2,14,17,84,16,203,1918,2121,Summer,Wednesday,"Mist + Cloudy, Mist + Broken clouds, Mist + Few clouds, Mist",Cool
83,2011-03-24,2,0,3,0,4,1,2,12,14,81,16,166,1699,1865,Summer,Thursday,"Mist + Cloudy, Mist + Broken clouds, Mist + Few clouds, Mist",Cool
84,2011-03-25,2,0,3,0,5,1,1,11,13,50,15,300,1910,2210,Summer,Friday,"Clear, Few clouds, Partly cloudy, Partly cloudy",Cool
85,2011-03-26,2,0,3,0,6,0,1,11,13,39,14,981,1515,2496,Summer,Saturday,"Clear, Few clouds, Partly cloudy, Partly cloudy",Cool
86,2011-03-27,2,0,3,0,0,0,2,10,13,49,12,472,1221,1693,Summer,Sunday,"Mist + Cloudy, Mist + Broken clouds, Mist + Few clouds, Mist",Cold
87,2011-03-28,2,0,3,0,1,1,1,11,13,30,14,222,1806,2028,Summer,Monday,"Clear, Few clouds, Partly cloudy, Partly cloudy",Cool
88,2011-03-29,2,0,3,0,2,1,1,12,15,31,15,317,2108,2425,Summer,Tuesday,"Clear, Few clouds, Partly cloudy, Partly cloudy",Cool
89,2011-03-30,2,0,3,0,3,1,2,12,15,65,12,168,1368,1536,Summer,Wednesday,"Mist + Cloudy, Mist + Broken clouds, Mist + Few clouds, Mist",Cool
90,2011-03-31,2,0,3,0,4,1,3,11,13,92,15,179,1506,1685,Summer,Thursday,"Light Snow, Light Rain + Thunderstorm + Scattered clouds, Light Rain + Scattered clouds",Cool
91,2011-04-01,2,0,4,0,5,1,2,12,14,69,17,307,1920,2227,Summer,Friday,"Mist + Cloudy, Mist + Broken clouds, Mist + Few clouds, Mist",Cool
92,2011-04-02,2,0,4,0,6,0,2,13,16,65,13,898,1354,2252,Summer,Saturday,"Mist + Cloudy, Mist + Broken clouds, Mist + Few clouds, Mist",Cool
93,2011-04-03,2,0,4,0,0,0,1,16,19,48,12,1651,1598,3249,Summer,Sunday,"Clear, Few clouds, Partly cloudy, Partly cloudy",Cool
94,2011-04-04,2,0,4,0,1,1,1,24,27,43,26,734,2381,3115,Summer,Monday,"Clear, Few clouds, Partly cloudy, Partly cloudy",Warm
95,2011-04-05,2,0,4,0,2,1,2,17,20,64,26,167,1628,1795,Summer,Tuesday,"Mist + Cloudy, Mist + Broken clouds, Mist + Few clouds, Mist",Cool
96,2011-04-06,2,0,4,0,3,1,1,16,19,47,18,413,2395,2808,Summer,Wednesday,"Clear, Few clouds, Partly cloudy, Partly cloudy",Cool
97,2011-04-07,2,0,4,0,4,1,1,18,22,60,11,571,2570,3141,Summer,Thursday,"Clear, Few clouds, Partly cloudy, Partly cloudy",Cool
98,2011-04-08,2,0,4,0,5,1,2,14,16,84,15,172,1299,1471,Summer,Friday,"Mist + Cloudy, Mist + Broken clouds, Mist + Few clouds, Mist",Cool
99,2011-04-09,2,0,4,0,6,0,2,14,17,88,9,879,1576,2455,Summer,Saturday,"Mist + Cloudy, Mist + Broken clouds, Mist + Few clouds, Mist",Cool
100,2011-04-10,2,0,4,0,0,0,2,17,21,86,10,1188,1707,2895,Summer,Sunday,"Mist + Cloudy, Mist + Broken clouds, Mist + Few clouds, Mist",Cool
101,2011-04-11,2,0,4,0,1,1,2,24,28,72,22,855,2493,3348,Summer,Monday,"Mist + Cloudy, Mist + Broken clouds, Mist + Few clouds, Mist",Warm
102,2011-04-12,2,0,4,0,2,1,2,21,25,74,18,257,1777,2034,Summer,Tuesday,"Mist + Cloudy, Mist + Broken clouds, Mist + Few clouds, Mist",Warm
103,2011-04-13,2,0,4,0,3,1,2,17,21,82,17,209,1953,2162,Summer,Wednesday,"Mist + Cloudy, Mist + Broken clouds, Mist + Few clouds, Mist",Cool
104,2011-04-14,2,0,4,0,4,1,1,19,23,54,7,529,2738,3267,Summer,Thursday,"Clear, Few clouds, Partly cloudy, Partly cloudy",Cool
105,2011-04-15,2,0,4,1,5,0,1,18,22,67,15,642,2484,3126,Summer,Friday,"Clear, Few clouds, Partly cloudy, Partly cloudy",Cool
106,2011-04-16,2,0,4,0,6,0,3,18,21,89,23,121,674,795,Summer,Saturday,"Light Snow, Light Rain + Thunderstorm + Scattered clouds, Light Rain + Scattered clouds",Cool
107,2011-04-17,2,0,4,0,0,0,1,19,22,48,20,1558,2186,3744,Summer,Sunday,"Clear, Few clouds, Partly cloudy, Partly cloudy",Cool
108,2011-04-18,2,0,4,0,1,1,1,21,25,54,11,669,2760,3429,Summer,Monday,"Clear, Few clouds, Partly cloudy, Partly cloudy",Warm
109,2011-04-19,2,0,4,0,2,1,2,21,24,67,11,409,2795,3204,Summer,Tuesday,"Mist + Cloudy, Mist + Broken clouds, Mist + Few clouds, Mist",Warm
110,2011-04-20,2,0,4,0,3,1,1,24,28,61,16,613,3331,3944,Summer,Wednesday,"Clear, Few clouds, Partly cloudy, Partly cloudy",Warm
111,2011-04-21,2,0,4,0,4,1,1,19,23,41,22,745,3444,4189,Summer,Thursday,"Clear, Few clouds, Partly cloudy, Partly cloudy",Cool
112,2011-04-22,2,0,4,0,5,1,2,14,16,73,15,177,1506,1683,Summer,Friday,"Mist + Cloudy, Mist + Broken clouds, Mist + Few clouds, Mist",Cool
113,2011-04-23,2,0,4,0,6,0,2,19,23,89,15,1462,2574,4036,Summer,Saturday,"Mist + Cloudy, Mist + Broken clouds, Mist + Few clouds, Mist",Cool
114,2011-04-24,2,0,4,0,0,0,2,24,28,81,13,1710,2481,4191,Summer,Sunday,"Mist + Cloudy, Mist + Broken clouds, Mist + Few clouds, Mist",Warm
115,2011-04-25,2,0,4,0,1,1,1,25,29,78,12,773,3300,4073,Summer,Monday,"Clear, Few clouds, Partly cloudy, Partly cloudy",Warm
116,2011-04-26,2,0,4,0,2,1,1,26,30,73,22,678,3722,4400,Summer,Tuesday,"Clear, Few clouds, Partly cloudy, Partly cloudy",Warm
117,2011-04-27,2,0,4,0,3,1,2,25,29,84,21,547,3325,3872,Summer,Wednesday,"Mist + Cloudy, Mist + Broken clouds, Mist + Few clouds, Mist",Warm
118,2011-04-28,2,0,4,0,4,1,2,25,29,70,22,569,3489,4058,Summer,Thursday,"Mist + Cloudy, Mist + Broken clouds, Mist + Few clouds, Mist",Warm
119,2011-04-29,2,0,4,0,5,1,1,21,25,46,16,878,3717,4595,Summer,Friday,"Clear, Few clouds, Partly cloudy, Partly cloudy",Warm
120,2011-04-30,2,0,4,0,6,0,1,19,23,50,16,1965,3347,5312,Summer,Saturday,"Clear, Few clouds, Partly cloudy, Partly cloudy",Cool
121,2011-05-01,2,0,5,0,0,0,2,19,22,76,7,1138,2213,3351,Summer,Sunday,"Mist + Cloudy, Mist + Broken clouds, Mist + Few clouds, Mist",Cool
122,2011-05-02,2,0,5,0,1,1,2,23,27,73,12,847,3554,4401,Summer,Monday,"Mist + Cloudy, Mist + Broken clouds, Mist + Few clouds, Mist",Warm
123,2011-05-03,2,0,5,0,2,1,2,25,29,70,23,603,3848,4451,Summer,Tuesday,"Mist + Cloudy, Mist + Broken clouds, Mist + Few clouds, Mist",Warm
124,2011-05-04,2,0,5,0,3,1,2,17,20,74,22,255,2378,2633,Summer,Wednesday,"Mist + Cloudy, Mist + Broken clouds, Mist + Few clouds, Mist",Cool
125,2011-05-05,2,0,5,0,4,1,1,19,22,44,20,614,3819,4433,Summer,Thursday,"Clear, Few clouds, Partly cloudy, Partly cloudy",Cool
126,2011-05-06,2,0,5,0,5,1,1,20,24,59,15,894,3714,4608,Summer,Friday,"Clear, Few clouds, Partly cloudy, Partly cloudy",Cool
127,2011-05-07,2,0,5,0,6,0,1,21,26,54,11,1612,3102,4714,Summer,Saturday,"Clear, Few clouds, Partly cloudy, Partly cloudy",Warm
128,2011-05-08,2,0,5,0,0,0,1,22,26,63,5,1401,2932,4333,Summer,Sunday,"Clear, Few clouds, Partly cloudy, Partly cloudy",Warm
129,2011-05-09,2,0,5,0,1,1,1,22,26,59,12,664,3698,4362,Summer,Monday,"Clear, Few clouds, Partly cloudy, Partly cloudy",Warm
130,2011-05-10,2,0,5,0,2,1,1,22,26,49,8,694,4109,4803,Summer,Tuesday,"Clear, Few clouds, Partly cloudy, Partly cloudy",Warm
131,2011-05-11,2,0,5,0,3,1,1,22,26,63,8,550,3632,4182,Summer,Wednesday,"Clear, Few clouds, Partly cloudy, Partly cloudy",Warm
132,2011-05-12,2,0,5,0,4,1,1,22,26,75,13,695,4169,4864,Summer,Thursday,"Clear, Few clouds, Partly cloudy, Partly cloudy",Warm
133,2011-05-13,2,0,5,0,5,1,2,21,25,86,12,692,3413,4105,Summer,Friday,"Mist + Cloudy, Mist + Broken clouds, Mist + Few clouds, Mist",Warm
134,2011-05-14,2,0,5,0,6,0,2,21,25,92,9,902,2507,3409,Summer,Saturday,"Mist + Cloudy, Mist + Broken clouds, Mist + Few clouds, Mist",Warm
135,2011-05-15,2,0,5,0,0,0,2,23,27,87,10,1582,2971,4553,Summer,Sunday,"Mist + Cloudy, Mist + Broken clouds, Mist + Few clouds, Mist",Warm
136,2011-05-16,2,0,5,0,1,1,1,24,28,79,9,773,3185,3958,Summer,Monday,"Clear, Few clouds, Partly cloudy, Partly cloudy",Warm
137,2011-05-17,2,0,5,0,2,1,2,23,27,84,19,678,3445,4123,Summer,Tuesday,"Mist + Cloudy, Mist + Broken clouds, Mist + Few clouds, Mist",Warm
138,2011-05-18,2,0,5,0,3,1,2,23,26,87,13,536,3319,3855,Summer,Wednesday,"Mist + Cloudy, Mist + Broken clouds, Mist + Few clouds, Mist",Warm
139,2011-05-19,2,0,5,0,4,1,2,22,26,83,7,735,3840,4575,Summer,Thursday,"Mist + Cloudy, Mist + Broken clouds, Mist + Few clouds, Mist",Warm
140,2011-05-20,2,0,5,0,5,1,1,22,26,72,8,909,4008,4917,Summer,Friday,"Clear, Few clouds, Partly cloudy, Partly cloudy",Warm
141,2011-05-21,2,0,5,0,6,0,1,25,29,63,8,2258,3547,5805,Summer,Saturday,"Clear, Few clouds, Partly cloudy, Partly cloudy",Warm
142,2011-05-22,2,0,5,0,0,0,1,25,29,75,10,1576,3084,4660,Summer,Sunday,"Clear, Few clouds, Partly cloudy, Partly cloudy",Warm
143,2011-05-23,2,0,5,0,1,1,2,26,30,81,16,836,3438,4274,Summer,Monday,"Mist + Cloudy, Mist + Broken clouds, Mist + Few clouds, Mist",Warm
144,2011-05-24,2,0,5,0,2,1,2,27,30,74,14,659,3833,4492,Summer,Tuesday,"Mist + Cloudy, Mist + Broken clouds, Mist + Few clouds, Mist",Warm
145,2011-05-25,2,0,5,0,3,1,1,27,31,70,10,740,4238,4978,Summer,Wednesday,"Clear, Few clouds, Partly cloudy, Partly cloudy",Warm
146,2011-05-26,2,0,5,0,4,1,1,29,33,68,13,758,3919,4677,Summer,Thursday,"Clear, Few clouds, Partly cloudy, Partly cloudy",Warm
147,2011-05-27,2,0,5,0,5,1,1,28,32,65,16,871,3808,4679,Summer,Friday,"Clear, Few clouds, Partly cloudy, Partly cloudy",Warm
148,2011-05-28,2,0,5,0,6,0,1,27,31,73,15,2001,2757,4758,Summer,Saturday,"Clear, Few clouds, Partly cloudy, Partly cloudy",Warm
149,2011-05-29,2,0,5,0,0,0,1,27,31,82,14,2355,2433,4788,Summer,Sunday,"Clear, Few clouds, Partly cloudy, Partly cloudy",Warm
150,2011-05-30,2,0,5,1,1,0,1,30,34,68,9,1549,2549,4098,Summer,Monday,"Clear, Few clouds, Partly cloudy, Partly cloudy",Warm
151,2011-05-31,2,0,5,0,2,1,1,32,36,64,7,673,3309,3982,Summer,Tuesday,"Clear, Few clouds, Partly cloudy, Partly cloudy",Hot
152,2011-06-01,2,0,6,0,3,1,2,31,36,68,14,513,3461,3974,Summer,Wednesday,"Mist + Cloudy, Mist + Broken clouds, Mist + Few clouds, Mist",Hot
153,2011-06-02,2,0,6,0,4,1,1,29,32,30,20,736,4232,4968,Summer,Thursday,"Clear, Few clouds, Partly cloudy, Partly cloudy",Warm
154,2011-06-03,2,0,6,0,5,1,1,25,29,35,17,898,4414,5312,Summer,Friday,"Clear, Few clouds, Partly cloudy, Partly cloudy",Warm
155,2011-06-04,2,0,6,0,6,0,1,26,30,46,8,1869,3473,5342,Summer,Saturday,"Clear, Few clouds, Partly cloudy, Partly cloudy",Warm
156,2011-06-05,2,0,6,0,0,0,2,27,31,65,9,1685,3221,4906,Summer,Sunday,"Mist + Cloudy, Mist + Broken clouds, Mist + Few clouds, Mist",Warm
157,2011-06-06,2,0,6,0,1,1,1,28,31,60,8,673,3875,4548,Summer,Monday,"Clear, Few clouds, Partly cloudy, Partly cloudy",Warm
158,2011-06-07,2,0,6,0,2,1,1,29,33,60,13,763,4070,4833,Summer,Tuesday,"Clear, Few clouds, Partly cloudy, Partly cloudy",Warm
159,2011-06-08,2,0,6,0,3,1,1,32,36,62,9,676,3725,4401,Summer,Wednesday,"Clear, Few clouds, Partly cloudy, Partly cloudy",Hot
160,2011-06-09,2,0,6,0,4,1,2,33,38,57,10,563,3352,3915,Summer,Thursday,"Mist + Cloudy, Mist + Broken clouds, Mist + Few clouds, Mist",Hot
161,2011-06-10,2,0,6,0,5,1,1,31,35,60,9,815,3771,4586,Summer,Friday,"Clear, Few clouds, Partly cloudy, Partly cloudy",Hot
162,2011-06-11,2,0,6,0,6,0,1,30,34,65,10,1729,3237,4966,Summer,Saturday,"Clear, Few clouds, Partly cloudy, Partly cloudy",Warm
163,2011-06-12,2,0,6,0,0,0,1,28,32,75,11,1467,2993,4460,Summer,Sunday,"Clear, Few clouds, Partly cloudy, Partly cloudy",Warm
164,2011-06-13,2,0,6,0,1,1,1,26,30,49,20,863,4157,5020,Summer,Monday,"Clear, Few clouds, Partly cloudy, Partly cloudy",Warm
165,2011-06-14,2,0,6,0,2,1,1,25,30,51,18,727,4164,4891,Summer,Tuesday,"Clear, Few clouds, Partly cloudy, Partly cloudy",Warm
166,2011-06-15,2,0,6,0,3,1,1,26,29,47,11,769,4411,5180,Summer,Wednesday,"Clear, Few clouds, Partly cloudy, Partly cloudy",Warm
167,2011-06-16,2,0,6,0,4,1,2,26,30,69,14,545,3222,3767,Summer,Thursday,"Mist + Cloudy, Mist + Broken clouds, Mist + Few clouds, Mist",Warm
168,2011-06-17,2,0,6,0,5,1,1,27,30,74,10,863,3981,4844,Summer,Friday,"Clear, Few clouds, Partly cloudy, Partly cloudy",Warm
169,2011-06-18,2,0,6,0,6,0,1,29,32,67,8,1807,3312,5119,Summer,Saturday,"Clear, Few clouds, Partly cloudy, Partly cloudy",Warm
170,2011-06-19,2,0,6,0,0,0,2,29,32,67,7,1639,3105,4744,Summer,Sunday,"Mist + Cloudy, Mist + Broken clouds, Mist + Few clouds, Mist",Warm
171,2011-06-20,2,0,6,0,1,1,2,26,30,75,10,699,3311,4010,Summer,Monday,"Mist + Cloudy, Mist + Broken clouds, Mist + Few clouds, Mist",Warm
172,2011-06-21,3,0,6,0,2,1,2,28,32,77,11,774,4061,4835,Autumn,Tuesday,"Mist + Cloudy, Mist + Broken clouds, Mist + Few clouds, Mist",Warm
173,2011-06-22,3,0,6,0,3,1,1,30,35,71,12,661,3846,4507,Autumn,Wednesday,"Clear, Few clouds, Partly cloudy, Partly cloudy",Warm
174,2011-06-23,3,0,6,0,4,1,2,30,35,70,16,746,4044,4790,Autumn,Thursday,"Mist + Cloudy, Mist + Broken clouds, Mist + Few clouds, Mist",Warm
175,2011-06-24,3,0,6,0,5,1,1,30,33,57,15,969,4022,4991,Autumn,Friday,"Clear, Few clouds, Partly cloudy, Partly cloudy",Warm
176,2011-06-25,3,0,6,0,6,0,1,28,32,48,14,1782,3420,5202,Autumn,Saturday,"Clear, Few clouds, Partly cloudy, Partly cloudy",Warm
177,2011-06-26,3,0,6,0,0,0,1,28,32,51,6,1920,3385,5305,Autumn,Sunday,"Clear, Few clouds, Partly cloudy, Partly cloudy",Warm
178,2011-06-27,3,0,6,0,1,1,2,28,32,66,7,854,3854,4708,Autumn,Monday,"Mist + Cloudy, Mist + Broken clouds, Mist + Few clouds, Mist",Warm
179,2011-06-28,3,0,6,0,2,1,1,31,35,63,10,732,3916,4648,Autumn,Tuesday,"Clear, Few clouds, Partly cloudy, Partly cloudy",Hot
180,2011-06-29,3,0,6,0,3,1,1,30,33,50,18,848,4377,5225,Autumn,Wednesday,"Clear, Few clouds, Partly cloudy, Partly cloudy",Warm
181,2011-06-30,3,0,6,0,4,1,1,29,32,43,12,1027,4488,5515,Autumn,Thursday,"Clear, Few clouds, Partly cloudy, Partly cloudy",Warm
182,2011-07-01,3,0,7,0,5,1,1,30,33,40,7,1246,4116,5362,Autumn,Friday,"Clear, Few clouds, Partly cloudy, Partly cloudy",Warm
183,2011-07-02,3,0,7,0,6,0,1,30,33,44,8,2204,2915,5119,Autumn,Saturday,"Clear, Few clouds, Partly cloudy, Partly cloudy",Warm
184,2011-07-03,3,0,7,0,0,0,2,29,33,68,15,2282,2367,4649,Autumn,Sunday,"Mist + Cloudy, Mist + Broken clouds, Mist + Few clouds, Mist",Warm
185,2011-07-04,3,0,7,1,1,0,2,30,33,64,5,3065,2978,6043,Autumn,Monday,"Mist + Cloudy, Mist + Broken clouds, Mist + Few clouds, Mist",Warm
186,2011-07-05,3,0,7,0,2,1,1,31,35,59,8,1031,3634,4665,Autumn,Tuesday,"Clear, Few clouds, Partly cloudy, Partly cloudy",Hot
187,2011-07-06,3,0,7,0,3,1,1,30,34,74,10,784,3845,4629,Autumn,Wednesday,"Clear, Few clouds, Partly cloudy, Partly cloudy",Warm
188,2011-07-07,3,0,7,0,4,1,1,31,34,65,11,754,3838,4592,Autumn,Thursday,"Clear, Few clouds, Partly cloudy, Partly cloudy",Hot
189,2011-07-08,3,0,7,0,5,1,2,29,34,76,15,692,3348,4040,Autumn,Friday,"Mist + Cloudy, Mist + Broken clouds, Mist + Few clouds, Mist",Warm
190,2011-07-09,3,0,7,0,6,0,1,30,33,61,11,1988,3348,5336,Autumn,Saturday,"Clear, Few clouds, Partly cloudy, Partly cloudy",Warm
191,2011-07-10,3,0,7,0,0,0,1,31,35,58,12,1743,3138,4881,Autumn,Sunday,"Clear, Few clouds, Partly cloudy, Partly cloudy",Hot
192,2011-07-11,3,0,7,0,1,1,1,31,36,64,19,723,3363,4086,Autumn,Monday,"Clear, Few clouds, Partly cloudy, Partly cloudy",Hot
193,2011-07-12,3,0,7,0,2,1,1,33,37,56,13,662,3596,4258,Autumn,Tuesday,"Clear, Few clouds, Partly cloudy, Partly cloudy",Hot
194,2011-07-13,3,0,7,0,3,1,1,31,34,63,10,748,3594,4342,Autumn,Wednesday,"Clear, Few clouds, Partly cloudy, Partly cloudy",Hot
195,2011-07-14,3,0,7,0,4,1,1,28,32,48,16,888,4196,5084,Autumn,Thursday,"Clear, Few clouds, Partly cloudy, Partly cloudy",Warm
196,2011-07-15,3,0,7,0,5,1,1,27,31,59,12,1318,4220,5538,Autumn,Friday,"Clear, Few clouds, Partly cloudy, Partly cloudy",Warm
197,2011-07-16,3,0,7,0,6,0,1,28,32,58,14,2418,3505,5923,Autumn,Saturday,"Clear, Few clouds, Partly cloudy, Partly cloudy",Warm
198,2011-07-17,3,0,7,0,0,0,1,29,33,60,16,2006,3296,5302,Autumn,Sunday,"Clear, Few clouds, Partly cloudy, Partly cloudy",Warm
199,2011-07-18,3,0,7,0,1,1,1,31,35,65,14,841,3617,4458,Autumn,Monday,"Clear, Few clouds, Partly cloudy, Partly cloudy",Hot
200,2011-07-19,3,0,7,0,2,1,1,32,37,65,9,752,3789,4541,Autumn,Tuesday,"Clear, Few clouds, Partly cloudy, Partly cloudy",Hot
201,2011-07-20,3,0,7,0,3,1,1,32,37,71,8,644,3688,4332,Autumn,Wednesday,"Clear, Few clouds, Partly cloudy, Partly cloudy",Hot
202,2011-07-21,3,0,7,0,4,1,2,33,41,69,15,632,3152,3784,Autumn,Thursday,"Mist + Cloudy, Mist + Broken clouds, Mist + Few clouds, Mist",Hot
203,2011-07-22,3,0,7,0,5,1,1,35,42,58,9,562,2825,3387,Autumn,Friday,"Clear, Few clouds, Partly cloudy, Partly cloudy",Hot
204,2011-07-23,3,0,7,0,6,0,1,35,40,50,9,987,2298,3285,Autumn,Saturday,"Clear, Few clouds, Partly cloudy, Partly cloudy",Hot
205,2011-07-24,3,0,7,0,0,0,1,34,40,55,11,1050,2556,3606,Autumn,Sunday,"Clear, Few clouds, Partly cloudy, Partly cloudy",Hot
206,2011-07-25,3,0,7,0,1,1,1,30,36,76,6,568,3272,3840,Autumn,Monday,"Clear, Few clouds, Partly cloudy, Partly cloudy",Warm
207,2011-07-26,3,0,7,0,2,1,1,32,35,54,13,750,3840,4590,Autumn,Tuesday,"Clear, Few clouds, Partly cloudy, Partly cloudy",Hot
208,2011-07-27,3,0,7,0,3,1,1,32,35,40,12,755,3901,4656,Autumn,Wednesday,"Clear, Few clouds, Partly cloudy, Partly cloudy",Hot
209,2011-07-28,3,0,7,0,4,1,1,32,37,58,12,606,3784,4390,Autumn,Thursday,"Clear, Few clouds, Partly cloudy, Partly cloudy",Hot
210,2011-07-29,3,0,7,0,5,1,1,34,39,54,12,670,3176,3846,Autumn,Friday,"Clear, Few clouds, Partly cloudy, Partly cloudy",Hot
211,2011-07-30,3,0,7,0,6,0,1,33,36,47,11,1559,2916,4475,Autumn,Saturday,"Clear, Few clouds, Partly cloudy, Partly cloudy",Hot
212,2011-07-31,3,0,7,0,0,0,1,33,36,48,11,1524,2778,4302,Autumn,Sunday,"Clear, Few clouds, Partly cloudy, Partly cloudy",Hot
213,2011-08-01,3,0,8,0,1,1,1,32,35,55,11,729,3537,4266,Autumn,Monday,"Clear, Few clouds, Partly cloudy, Partly cloudy",Hot
214,2011-08-02,3,0,8,0,2,1,1,32,35,49,14,801,4044,4845,Autumn,Tuesday,"Clear, Few clouds, Partly cloudy, Partly cloudy",Hot
215,2011-08-03,3,0,8,0,3,1,2,30,34,66,9,467,3107,3574,Autumn,Wednesday,"Mist + Cloudy, Mist + Broken clouds, Mist + Few clouds, Mist",Warm
216,2011-08-04,3,0,8,0,4,1,2,29,33,76,13,799,3777,4576,Autumn,Thursday,"Mist + Cloudy, Mist + Broken clouds, Mist + Few clouds, Mist",Warm
217,2011-08-05,3,0,8,0,5,1,1,29,33,63,12,1023,3843,4866,Autumn,Friday,"Clear, Few clouds, Partly cloudy, Partly cloudy",Warm
218,2011-08-06,3,0,8,0,6,0,2,29,34,76,15,1521,2773,4294,Autumn,Saturday,"Mist + Cloudy, Mist + Broken clouds, Mist + Few clouds, Mist",Warm
219,2011-08-07,3,0,8,0,0,0,1,30,36,75,13,1298,2487,3785,Autumn,Sunday,"Clear, Few clouds, Partly cloudy, Partly cloudy",Warm
220,2011-08-08,3,0,8,0,1,1,1,31,35,59,13,846,3480,4326,Autumn,Monday,"Clear, Few clouds, Partly cloudy, Partly cloudy",Hot
221,2011-08-09,3,0,8,0,2,1,1,32,36,57,10,907,3695,4602,Autumn,Tuesday,"Clear, Few clouds, Partly cloudy, Partly cloudy",Hot
222,2011-08-10,3,0,8,0,3,1,1,31,34,42,13,884,3896,4780,Autumn,Wednesday,"Clear, Few clouds, Partly cloudy, Partly cloudy",Hot
223,2011-08-11,3,0,8,0,4,1,1,29,33,42,11,812,3980,4792,Autumn,Thursday,"Clear, Few clouds, Partly cloudy, Partly cloudy",Warm
224,2011-08-12,3,0,8,0,5,1,1,29,33,42,8,1051,3854,4905,Autumn,Friday,"Clear, Few clouds, Partly cloudy, Partly cloudy",Warm
225,2011-08-13,3,0,8,0,6,0,2,28,32,73,14,1504,2646,4150,Autumn,Saturday,"Mist + Cloudy, Mist + Broken clouds, Mist + Few clouds, Mist",Warm
226,2011-08-14,3,0,8,0,0,0,2,28,31,82,15,1338,2482,3820,Autumn,Sunday,"Mist + Cloudy, Mist + Broken clouds, Mist + Few clouds, Mist",Warm
227,2011-08-15,3,0,8,0,1,1,1,27,31,71,14,775,3563,4338,Autumn,Monday,"Clear, Few clouds, Partly cloudy, Partly cloudy",Warm
228,2011-08-16,3,0,8,0,2,1,1,29,32,58,16,721,4004,4725,Autumn,Tuesday,"Clear, Few clouds, Partly cloudy, Partly cloudy",Warm
229,2011-08-17,3,0,8,0,3,1,1,30,33,58,10,668,4026,4694,Autumn,Wednesday,"Clear, Few clouds, Partly cloudy, Partly cloudy",Warm
230,2011-08-18,3,0,8,0,4,1,1,29,33,65,16,639,3166,3805,Autumn,Thursday,"Clear, Few clouds, Partly cloudy, Partly cloudy",Warm
231,2011-08-19,3,0,8,0,5,1,2,28,32,72,9,797,3356,4153,Autumn,Friday,"Mist + Cloudy, Mist + Broken clouds, Mist + Few clouds, Mist",Warm
232,2011-08-20,3,0,8,0,6,0,1,29,32,67,7,1914,3277,5191,Autumn,Saturday,"Clear, Few clouds, Partly cloudy, Partly cloudy",Warm
233,2011-08-21,3,0,8,0,0,0,1,29,34,77,17,1249,2624,3873,Autumn,Sunday,"Clear, Few clouds, Partly cloudy, Partly cloudy",Warm
234,2011-08-22,3,0,8,0,1,1,1,28,32,47,19,833,3925,4758,Autumn,Monday,"Clear, Few clouds, Partly cloudy, Partly cloudy",Warm
235,2011-08-23,3,0,8,0,2,1,1,26,30,46,10,1281,4614,5895,Autumn,Tuesday,"Clear, Few clouds, Partly cloudy, Partly cloudy",Warm
236,2011-08-24,3,0,8,0,3,1,1,28,32,60,17,949,4181,5130,Autumn,Wednesday,"Clear, Few clouds, Partly cloudy, Partly cloudy",Warm
237,2011-08-25,3,0,8,0,4,1,2,28,32,77,14,435,3107,3542,Autumn,Thursday,"Mist + Cloudy, Mist + Broken clouds, Mist + Few clouds, Mist",Warm
238,2011-08-26,3,0,8,0,5,1,1,29,33,76,6,768,3893,4661,Autumn,Friday,"Clear, Few clouds, Partly cloudy, Partly cloudy",Warm
239,2011-08-27,3,0,8,0,6,0,2,28,32,85,25,226,889,1115,Autumn,Saturday,"Mist + Cloudy, Mist + Broken clouds, Mist + Few clouds, Mist",Warm
240,2011-08-28,3,0,8,0,0,0,1,29,32,56,20,1415,2919,4334,Autumn,Sunday,"Clear, Few clouds, Partly cloudy, Partly cloudy",Warm
241,2011-08-29,3,0,8,0,1,1,1,26,30,55,11,729,3905,4634,Autumn,Monday,"Clear, Few clouds, Partly cloudy, Partly cloudy",Warm
242,2011-08-30,3,0,8,0,2,1,1,26,30,55,8,775,4429,5204,Autumn,Tuesday,"Clear, Few clouds, Partly cloudy, Partly cloudy",Warm
243,2011-08-31,3,0,8,0,3,1,1,27,31,60,6,688,4370,5058,Autumn,Wednesday,"Clear, Few clouds, Partly cloudy, Partly cloudy",Warm
244,2011-09-01,3,0,9,0,4,1,1,27,31,64,10,783,4332,5115,Autumn,Thursday,"Clear, Few clouds, Partly cloudy, Partly cloudy",Warm
245,2011-09-02,3,0,9,0,5,1,2,26,30,73,9,875,3852,4727,Autumn,Friday,"Mist + Cloudy, Mist + Broken clouds, Mist + Few clouds, Mist",Warm
246,2011-09-03,3,0,9,0,6,0,1,27,32,72,12,1935,2549,4484,Autumn,Saturday,"Clear, Few clouds, Partly cloudy, Partly cloudy",Warm
247,2011-09-04,3,0,9,0,0,0,1,29,33,74,14,2521,2419,4940,Autumn,Sunday,"Clear, Few clouds, Partly cloudy, Partly cloudy",Warm
248,2011-09-05,3,0,9,1,1,0,2,28,31,79,14,1236,2115,3351,Autumn,Monday,"Mist + Cloudy, Mist + Broken clouds, Mist + Few clouds, Mist",Warm
249,2011-09-06,3,0,9,0,2,1,3,22,26,89,23,204,2506,2710,Autumn,Tuesday,"Light Snow, Light Rain + Thunderstorm + Scattered clouds, Light Rain + Scattered clouds",Warm
250,2011-09-07,3,0,9,0,3,1,3,25,27,92,7,118,1878,1996,Autumn,Wednesday,"Light Snow, Light Rain + Thunderstorm + Scattered clouds, Light Rain + Scattered clouds",Warm
251,2011-09-08,3,0,9,0,4,1,3,26,28,94,13,153,1689,1842,Autumn,Thursday,"Light Snow, Light Rain + Thunderstorm + Scattered clouds, Light Rain + Scattered clouds",Warm
252,2011-09-09,3,0,9,0,5,1,2,27,29,90,8,417,3127,3544,Autumn,Friday,"Mist + Cloudy, Mist + Broken clouds, Mist + Few clouds, Mist",Warm
253,2011-09-10,3,0,9,0,6,0,1,27,30,75,10,1750,3595,5345,Autumn,Saturday,"Clear, Few clouds, Partly cloudy, Partly cloudy",Warm
254,2011-09-11,3,0,9,0,0,0,1,27,30,71,8,1633,3413,5046,Autumn,Sunday,"Clear, Few clouds, Partly cloudy, Partly cloudy",Warm
255,2011-09-12,3,0,9,0,1,1,1,26,30,69,6,690,4023,4713,Autumn,Monday,"Clear, Few clouds, Partly cloudy, Partly cloudy",Warm
256,2011-09-13,3,0,9,0,2,1,1,27,30,71,10,701,4062,4763,Autumn,Tuesday,"Clear, Few clouds, Partly cloudy, Partly cloudy",Warm
257,2011-09-14,3,0,9,0,3,1,1,28,31,70,11,647,4138,4785,Autumn,Wednesday,"Clear, Few clouds, Partly cloudy, Partly cloudy",Warm
258,2011-09-15,3,0,9,0,4,1,2,24,28,71,18,428,3231,3659,Autumn,Thursday,"Mist + Cloudy, Mist + Broken clouds, Mist + Few clouds, Mist",Warm
259,2011-09-16,3,0,9,0,5,1,2,19,23,59,11,742,4018,4760,Autumn,Friday,"Mist + Cloudy, Mist + Broken clouds, Mist + Few clouds, Mist",Cool
260,2011-09-17,3,0,9,0,6,0,2,20,24,72,13,1434,3077,4511,Autumn,Saturday,"Mist + Cloudy, Mist + Broken clouds, Mist + Few clouds, Mist",Cool
261,2011-09-18,3,0,9,0,0,0,1,21,25,70,12,1353,2921,4274,Autumn,Sunday,"Clear, Few clouds, Partly cloudy, Partly cloudy",Warm
262,2011-09-19,3,0,9,0,1,1,2,23,26,69,10,691,3848,4539,Autumn,Monday,"Mist + Cloudy, Mist + Broken clouds, Mist + Few clouds, Mist",Warm
263,2011-09-20,3,0,9,0,2,1,2,23,27,88,9,438,3203,3641,Autumn,Tuesday,"Mist + Cloudy, Mist + Broken clouds, Mist + Few clouds, Mist",Warm
264,2011-09-21,3,0,9,0,3,1,2,24,28,90,6,539,3813,4352,Autumn,Wednesday,"Mist + Cloudy, Mist + Broken clouds, Mist + Few clouds, Mist",Warm
265,2011-09-22,3,0,9,0,4,1,2,26,28,90,9,555,4240,4795,Autumn,Thursday,"Mist + Cloudy, Mist + Broken clouds, Mist + Few clouds, Mist",Warm
266,2011-09-23,4,0,9,0,5,1,2,25,26,97,5,258,2137,2395,Winter,Friday,"Mist + Cloudy, Mist + Broken clouds, Mist + Few clouds, Mist",Warm
267,2011-09-24,4,0,9,0,6,0,2,25,28,86,5,1776,3647,5423,Winter,Saturday,"Mist + Cloudy, Mist + Broken clouds, Mist + Few clouds, Mist",Warm
268,2011-09-25,4,0,9,0,0,0,2,26,29,84,3,1544,3466,5010,Winter,Sunday,"Mist + Cloudy, Mist + Broken clouds, Mist + Few clouds, Mist",Warm
269,2011-09-26,4,0,9,0,1,1,2,27,29,85,7,684,3946,4630,Winter,Monday,"Mist + Cloudy, Mist + Broken clouds, Mist + Few clouds, Mist",Warm
270,2011-09-27,4,0,9,0,2,1,2,26,29,89,8,477,3643,4120,Winter,Tuesday,"Mist + Cloudy, Mist + Broken clouds, Mist + Few clouds, Mist",Warm
271,2011-09-28,4,0,9,0,3,1,2,26,29,85,10,480,3427,3907,Winter,Wednesday,"Mist + Cloudy, Mist + Broken clouds, Mist + Few clouds, Mist",Warm
272,2011-09-29,4,0,9,0,4,1,1,25,29,70,12,653,4186,4839,Winter,Thursday,"Clear, Few clouds, Partly cloudy, Partly cloudy",Warm
273,2011-09-30,4,0,9,0,5,1,1,23,27,65,14,830,4372,5202,Winter,Friday,"Clear, Few clouds, Partly cloudy, Partly cloudy",Warm
274,2011-10-01,4,0,10,0,6,0,2,17,21,75,20,480,1949,2429,Winter,Saturday,"Mist + Cloudy, Mist + Broken clouds, Mist + Few clouds, Mist",Cool
275,2011-10-02,4,0,10,0,0,0,2,15,17,79,15,616,2302,2918,Winter,Sunday,"Mist + Cloudy, Mist + Broken clouds, Mist + Few clouds, Mist",Cool
276,2011-10-03,4,0,10,0,1,1,2,16,20,76,6,330,3240,3570,Winter,Monday,"Mist + Cloudy, Mist + Broken clouds, Mist + Few clouds, Mist",Cool
277,2011-10-04,4,0,10,0,2,1,1,20,24,71,14,486,3970,4456,Winter,Tuesday,"Clear, Few clouds, Partly cloudy, Partly cloudy",Cool
278,2011-10-05,4,0,10,0,3,1,1,22,26,65,12,559,4267,4826,Winter,Wednesday,"Clear, Few clouds, Partly cloudy, Partly cloudy",Warm
279,2011-10-06,4,0,10,0,4,1,1,20,24,62,9,639,4126,4765,Winter,Thursday,"Clear, Few clouds, Partly cloudy, Partly cloudy",Cool
280,2011-10-07,4,0,10,0,5,1,1,21,25,68,2,949,4036,4985,Winter,Friday,"Clear, Few clouds, Partly cloudy, Partly cloudy",Warm
281,2011-10-08,4,0,10,0,6,0,1,21,26,70,3,2235,3174,5409,Winter,Saturday,"Clear, Few clouds, Partly cloudy, Partly cloudy",Warm
282,2011-10-09,4,0,10,0,0,0,1,22,26,73,4,2397,3114,5511,Winter,Sunday,"Clear, Few clouds, Partly cloudy, Partly cloudy",Warm
283,2011-10-10,4,0,10,1,1,0,1,23,27,73,3,1514,3603,5117,Winter,Monday,"Clear, Few clouds, Partly cloudy, Partly cloudy",Warm
284,2011-10-11,4,0,10,0,2,1,2,23,27,81,10,667,3896,4563,Winter,Tuesday,"Mist + Cloudy, Mist + Broken clouds, Mist + Few clouds, Mist",Warm
285,2011-10-12,4,0,10,0,3,1,3,22,26,91,17,217,2199,2416,Winter,Wednesday,"Light Snow, Light Rain + Thunderstorm + Scattered clouds, Light Rain + Scattered clouds",Warm
286,2011-10-13,4,0,10,0,4,1,2,24,28,90,9,290,2623,2913,Winter,Thursday,"Mist + Cloudy, Mist + Broken clouds, Mist + Few clouds, Mist",Warm
287,2011-10-14,4,0,10,0,5,1,2,23,26,72,15,529,3115,3644,Winter,Friday,"Mist + Cloudy, Mist + Broken clouds, Mist + Few clouds, Mist",Warm
288,2011-10-15,4,0,10,0,6,0,1,21,25,48,17,1899,3318,5217,Winter,Saturday,"Clear, Few clouds, Partly cloudy, Partly cloudy",Warm
289,2011-10-16,4,0,10,0,0,0,1,21,25,49,19,1748,3293,5041,Winter,Sunday,"Clear, Few clouds, Partly cloudy, Partly cloudy",Warm
290,2011-10-17,4,0,10,0,1,1,1,22,26,58,12,713,3857,4570,Winter,Monday,"Clear, Few clouds, Partly cloudy, Partly cloudy",Warm
291,2011-10-18,4,0,10,0,2,1,2,22,26,70,7,637,4111,4748,Winter,Tuesday,"Mist + Cloudy, Mist + Broken clouds, Mist + Few clouds, Mist",Warm
292,2011-10-19,4,0,10,0,3,1,3,22,26,90,16,254,2170,2424,Winter,Wednesday,"Light Snow, Light Rain + Thunderstorm + Scattered clouds, Light Rain + Scattered clouds",Warm
293,2011-10-20,4,0,10,0,4,1,1,20,23,64,28,471,3724,4195,Winter,Thursday,"Clear, Few clouds, Partly cloudy, Partly cloudy",Cool
294,2011-10-21,4,0,10,0,5,1,1,18,21,57,15,676,3628,4304,Winter,Friday,"Clear, Few clouds, Partly cloudy, Partly cloudy",Cool
295,2011-10-22,4,0,10,0,6,0,1,17,21,63,6,1499,2809,4308,Winter,Saturday,"Clear, Few clouds, Partly cloudy, Partly cloudy",Cool
296,2011-10-23,4,0,10,0,0,0,1,17,21,74,7,1619,2762,4381,Winter,Sunday,"Clear, Few clouds, Partly cloudy, Partly cloudy",Cool
297,2011-10-24,4,0,10,0,1,1,1,19,23,77,8,699,3488,4187,Winter,Monday,"Clear, Few clouds, Partly cloudy, Partly cloudy",Cool
298,2011-10-25,4,0,10,0,2,1,1,19,23,62,11,695,3992,4687,Winter,Tuesday,"Clear, Few clouds, Partly cloudy, Partly cloudy",Cool
299,2011-10-26,4,0,10,0,3,1,2,20,24,72,10,404,3490,3894,Winter,Wednesday,"Mist + Cloudy, Mist + Broken clouds, Mist + Few clouds, Mist",Cool
300,2011-10-27,4,0,10,0,4,1,2,19,23,81,13,240,2419,2659,Winter,Thursday,"Mist + Cloudy, Mist + Broken clouds, Mist + Few clouds, Mist",Cool
301,2011-10-28,4,0,10,0,5,1,2,14,16,59,15,456,3291,3747,Winter,Friday,"Mist + Cloudy, Mist + Broken clouds, Mist + Few clouds, Mist",Cool
302,2011-10-29,4,0,10,0,6,0,3,10,11,88,24,57,570,627,Winter,Saturday,"Light Snow, Light Rain + Thunderstorm + Scattered clouds, Light Rain + Scattered clouds",Cold
303,2011-10-30,4,0,10,0,0,0,1,13,16,62,12,885,2446,3331,Winter,Sunday,"Clear, Few clouds, Partly cloudy, Partly cloudy",Cool
304,2011-10-31,4,0,10,0,1,1,1,14,18,70,7,362,3307,3669,Winter,Monday,"Clear, Few clouds, Partly cloudy, Partly cloudy",Cool
305,2011-11-01,4,0,11,0,2,1,1,16,20,68,9,410,3658,4068,Winter,Tuesday,"Clear, Few clouds, Partly cloudy, Partly cloudy",Cool
306,2011-11-02,4,0,11,0,3,1,1,15,20,72,6,370,3816,4186,Winter,Wednesday,"Clear, Few clouds, Partly cloudy, Partly cloudy",Cool
307,2011-11-03,4,0,11,0,4,1,1,17,20,70,9,318,3656,3974,Winter,Thursday,"Clear, Few clouds, Partly cloudy, Partly cloudy",Cool
308,2011-11-04,4,0,11,0,5,1,2,17,20,62,18,470,3576,4046,Winter,Friday,"Mist + Cloudy, Mist + Broken clouds, Mist + Few clouds, Mist",Cool
309,2011-11-05,4,0,11,0,6,0,1,13,16,52,13,1156,2770,3926,Winter,Saturday,"Clear, Few clouds, Partly cloudy, Partly cloudy",Cool
310,2011-11-06,4,0,11,0,0,0,1,14,18,73,6,952,2697,3649,Winter,Sunday,"Clear, Few clouds, Partly cloudy, Partly cloudy",Cool
311,2011-11-07,4,0,11,0,1,1,1,16,20,76,4,373,3662,4035,Winter,Monday,"Clear, Few clouds, Partly cloudy, Partly cloudy",Cool
312,2011-11-08,4,0,11,0,2,1,1,17,21,72,5,376,3829,4205,Winter,Tuesday,"Clear, Few clouds, Partly cloudy, Partly cloudy",Cool
313,2011-11-09,4,0,11,0,3,1,1,16,20,76,4,305,3804,4109,Winter,Wednesday,"Clear, Few clouds, Partly cloudy, Partly cloudy",Cool
314,2011-11-10,4,0,11,0,4,1,2,16,19,81,13,190,2743,2933,Winter,Thursday,"Mist + Cloudy, Mist + Broken clouds, Mist + Few clouds, Mist",Cool
315,2011-11-11,4,0,11,1,5,0,1,13,15,45,21,440,2928,3368,Winter,Friday,"Clear, Few clouds, Partly cloudy, Partly cloudy",Cool
316,2011-11-12,4,0,11,0,6,0,1,15,18,55,14,1275,2792,4067,Winter,Saturday,"Clear, Few clouds, Partly cloudy, Partly cloudy",Cool
317,2011-11-13,4,0,11,0,0,0,1,18,22,46,19,1004,2713,3717,Winter,Sunday,"Clear, Few clouds, Partly cloudy, Partly cloudy",Cool
318,2011-11-14,4,0,11,0,1,1,1,22,26,59,21,595,3891,4486,Winter,Monday,"Clear, Few clouds, Partly cloudy, Partly cloudy",Warm
319,2011-11-15,4,0,11,0,2,1,2,22,25,69,13,449,3746,4195,Winter,Tuesday,"Mist + Cloudy, Mist + Broken clouds, Mist + Few clouds, Mist",Warm
320,2011-11-16,4,0,11,0,3,1,3,19,23,93,9,145,1672,1817,Winter,Wednesday,"Light Snow, Light Rain + Thunderstorm + Scattered clouds, Light Rain + Scattered clouds",Cool
321,2011-11-17,4,0,11,0,4,1,2,14,16,58,20,139,2914,3053,Winter,Thursday,"Mist + Cloudy, Mist + Broken clouds, Mist + Few clouds, Mist",Cool
322,2011-11-18,4,0,11,0,5,1,1,11,14,41,11,245,3147,3392,Winter,Friday,"Clear, Few clouds, Partly cloudy, Partly cloudy",Cool
323,2011-11-19,4,0,11,0,6,0,1,13,16,50,15,943,2720,3663,Winter,Saturday,"Clear, Few clouds, Partly cloudy, Partly cloudy",Cool
324,2011-11-20,4,0,11,0,0,0,2,19,23,68,12,787,2733,3520,Winter,Sunday,"Mist + Cloudy, Mist + Broken clouds, Mist + Few clouds, Mist",Cool
325,2011-11-21,4,0,11,0,1,1,3,18,22,91,9,220,2545,2765,Winter,Monday,"Light Snow, Light Rain + Thunderstorm + Scattered clouds, Light Rain + Scattered clouds",Cool
326,2011-11-22,4,0,11,0,2,1,3,17,21,96,8,69,1538,1607,Winter,Tuesday,"Light Snow, Light Rain + Thunderstorm + Scattered clouds, Light Rain + Scattered clouds",Cool
327,2011-11-23,4,0,11,0,3,1,2,18,22,76,23,112,2454,2566,Winter,Wednesday,"Mist + Cloudy, Mist + Broken clouds, Mist + Few clouds, Mist",Cool
328,2011-11-24,4,0,11,1,4,0,1,15,19,55,11,560,935,1495,Winter,Thursday,"Clear, Few clouds, Partly cloudy, Partly cloudy",Cool
329,2011-11-25,4,0,11,0,5,1,1,15,19,64,7,1095,1697,2792,Winter,Friday,"Clear, Few clouds, Partly cloudy, Partly cloudy",Cool
330,2011-11-26,4,0,11,0,6,0,1,15,19,68,5,1249,1819,3068,Winter,Saturday,"Clear, Few clouds, Partly cloudy, Partly cloudy",Cool
331,2011-11-27,4,0,11,0,0,0,1,19,23,70,14,810,2261,3071,Winter,Sunday,"Clear, Few clouds, Partly cloudy, Partly cloudy",Cool
332,2011-11-28,4,0,11,0,1,1,1,21,25,74,10,253,3614,3867,Winter,Monday,"Clear, Few clouds, Partly cloudy, Partly cloudy",Warm
333,2011-11-29,4,0,11,0,2,1,2,19,23,83,17,96,2818,2914,Winter,Tuesday,"Mist + Cloudy, Mist + Broken clouds, Mist + Few clouds, Mist",Cool
334,2011-11-30,4,0,11,0,3,1,1,13,16,61,18,188,3425,3613,Winter,Wednesday,"Clear, Few clouds, Partly cloudy, Partly cloudy",Cool
335,2011-12-01,4,0,12,0,4,1,1,13,15,52,15,182,3545,3727,Winter,Thursday,"Clear, Few clouds, Partly cloudy, Partly cloudy",Cool
336,2011-12-02,4,0,12,0,5,1,1,13,17,63,7,268,3672,3940,Winter,Friday,"Clear, Few clouds, Partly cloudy, Partly cloudy",Cool
337,2011-12-03,4,0,12,0,6,0,1,12,16,61,6,706,2908,3614,Winter,Saturday,"Clear, Few clouds, Partly cloudy, Partly cloudy",Cool
338,2011-12-04,4,0,12,0,0,0,1,14,17,78,6,634,2851,3485,Winter,Sunday,"Clear, Few clouds, Partly cloudy, Partly cloudy",Cool
339,2011-12-05,4,0,12,0,1,1,2,16,20,83,4,233,3578,3811,Winter,Monday,"Mist + Cloudy, Mist + Broken clouds, Mist + Few clouds, Mist",Cool
340,2011-12-06,4,0,12,0,2,1,3,19,23,95,16,126,2468,2594,Winter,Tuesday,"Light Snow, Light Rain + Thunderstorm + Scattered clouds, Light Rain + Scattered clouds",Cool
341,2011-12-07,4,0,12,0,3,1,3,17,20,97,18,50,655,705,Winter,Wednesday,"Light Snow, Light Rain + Thunderstorm + Scattered clouds, Light Rain + Scattered clouds",Cool
342,2011-12-08,4,0,12,0,4,1,1,11,13,58,16,150,3172,3322,Winter,Thursday,"Clear, Few clouds, Partly cloudy, Partly cloudy",Cool
343,2011-12-09,4,0,12,0,5,1,1,12,16,70,6,261,3359,3620,Winter,Friday,"Clear, Few clouds, Partly cloudy, Partly cloudy",Cool
344,2011-12-10,4,0,12,0,6,0,1,11,13,51,16,502,2688,3190,Winter,Saturday,"Clear, Few clouds, Partly cloudy, Partly cloudy",Cool
345,2011-12-11,4,0,12,0,0,0,1,9,13,49,4,377,2366,2743,Winter,Sunday,"Clear, Few clouds, Partly cloudy, Partly cloudy",Cold
346,2011-12-12,4,0,12,0,1,1,1,10,14,67,4,143,3167,3310,Winter,Monday,"Clear, Few clouds, Partly cloudy, Partly cloudy",Cold
347,2011-12-13,4,0,12,0,2,1,1,12,15,59,9,155,3368,3523,Winter,Tuesday,"Clear, Few clouds, Partly cloudy, Partly cloudy",Cool
348,2011-12-14,4,0,12,0,3,1,2,13,17,66,4,178,3562,3740,Winter,Wednesday,"Mist + Cloudy, Mist + Broken clouds, Mist + Few clouds, Mist",Cool
349,2011-12-15,4,0,12,0,4,1,2,17,21,63,18,181,3528,3709,Winter,Thursday,"Mist + Cloudy, Mist + Broken clouds, Mist + Few clouds, Mist",Cool
350,2011-12-16,4,0,12,0,5,1,2,15,18,50,17,178,3399,3577,Winter,Friday,"Mist + Cloudy, Mist + Broken clouds, Mist + Few clouds, Mist",Cool
351,2011-12-17,4,0,12,0,6,0,2,11,12,56,16,275,2464,2739,Winter,Saturday,"Mist + Cloudy, Mist + Broken clouds, Mist + Few clouds, Mist",Cool
352,2011-12-18,4,0,12,0,0,0,1,10,12,59,11,220,2211,2431,Winter,Sunday,"Clear, Few clouds, Partly cloudy, Partly cloudy",Cold
353,2011-12-19,4,0,12,0,1,1,1,11,14,64,12,260,3143,3403,Winter,Monday,"Clear, Few clouds, Partly cloudy, Partly cloudy",Cool
354,2011-12-20,4,0,12,0,2,1,2,16,20,60,4,216,3534,3750,Winter,Tuesday,"Mist + Cloudy, Mist + Broken clouds, Mist + Few clouds, Mist",Cool
355,2011-12-21,1,0,12,0,3,1,2,18,21,86,15,107,2553,2660,Spring,Wednesday,"Mist + Cloudy, Mist + Broken clouds, Mist + Few clouds, Mist",Cool
356,2011-12-22,1,0,12,0,4,1,2,17,21,76,3,227,2841,3068,Spring,Thursday,"Mist + Cloudy, Mist + Broken clouds, Mist + Few clouds, Mist",Cool
357,2011-12-23,1,0,12,0,5,1,1,15,19,69,18,163,2046,2209,Spring,Friday,"Clear, Few clouds, Partly cloudy, Partly cloudy",Cool
358,2011-12-24,1,0,12,0,6,0,1,12,15,54,13,155,856,1011,Spring,Saturday,"Clear, Few clouds, Partly cloudy, Partly cloudy",Cool
359,2011-12-25,1,0,12,0,0,0,1,11,14,68,10,303,451,754,Spring,Sunday,"Clear, Few clouds, Partly cloudy, Partly cloudy",Cool
360,2011-12-26,1,0,12,1,1,0,1,13,16,51,16,430,887,1317,Spring,Monday,"Clear, Few clouds, Partly cloudy, Partly cloudy",Cool
361,2011-12-27,1,0,12,0,2,1,2,13,16,76,13,103,1059,1162,Spring,Tuesday,"Mist + Cloudy, Mist + Broken clouds, Mist + Few clouds, Mist",Cool
362,2011-12-28,1,0,12,0,3,1,1,12,14,50,20,255,2047,2302,Spring,Wednesday,"Clear, Few clouds, Partly cloudy, Partly cloudy",Cool
363,2011-12-29,1,0,12,0,4,1,1,10,13,57,8,254,2169,2423,Spring,Thursday,"Clear, Few clouds, Partly cloudy, Partly cloudy",Cold
364,2011-12-30,1,0,12,0,5,1,1,13,16,64,9,491,2508,2999,Spring,Friday,"Clear, Few clouds, Partly cloudy, Partly cloudy",Cool
365,2011-12-31,1,0,12,0,6,0,1,17,21,62,15,665,1820,2485,Spring,Saturday,"Clear, Few clouds, Partly cloudy, Partly cloudy",Cool
366,2012-01-01,1,1,1,0,0,0,1,15,19,69,13,686,1608,2294,Spring,Sunday,"Clear, Few clouds, Partly cloudy, Partly cloudy",Cool
367,2012-01-02,1,1,1,1,1,0,1,11,13,38,22,244,1707,1951,Spring,Monday,"Clear, Few clouds, Partly cloudy, Partly cloudy",Cool
368,2012-01-03,1,1,1,0,2,1,1,6,6,44,24,89,2147,2236,Spring,Tuesday,"Clear, Few clouds, Partly cloudy, Partly cloudy",Cold
369,2012-01-04,1,1,1,0,3,1,2,4,6,41,12,95,2273,2368,Spring,Wednesday,"Mist + Cloudy, Mist + Broken clouds, Mist + Few clouds, Mist",Cold
370,2012-01-05,1,1,1,0,4,1,1,11,14,52,9,140,3132,3272,Spring,Thursday,"Clear, Few clouds, Partly cloudy, Partly cloudy",Cool
371,2012-01-06,1,1,1,0,5,1,1,14,17,54,11,307,3791,4098,Spring,Friday,"Clear, Few clouds, Partly cloudy, Partly cloudy",Cool
372,2012-01-07,1,1,1,0,6,0,1,16,20,53,12,1070,3451,4521,Spring,Saturday,"Clear, Few clouds, Partly cloudy, Partly cloudy",Cool
373,2012-01-08,1,1,1,0,0,0,1,14,17,46,13,599,2826,3425,Spring,Sunday,"Clear, Few clouds, Partly cloudy, Partly cloudy",Cool
374,2012-01-09,1,1,1,0,1,1,2,9,12,70,7,106,2270,2376,Spring,Monday,"Mist + Cloudy, Mist + Broken clouds, Mist + Few clouds, Mist",Cold
375,2012-01-10,1,1,1,0,2,1,1,13,16,65,13,173,3425,3598,Spring,Tuesday,"Clear, Few clouds, Partly cloudy, Partly cloudy",Cool
376,2012-01-11,1,1,1,0,3,1,2,11,14,85,9,92,2085,2177,Spring,Wednesday,"Mist + Cloudy, Mist + Broken clouds, Mist + Few clouds, Mist",Cool
377,2012-01-12,1,1,1,0,4,1,2,16,19,80,12,269,3828,4097,Spring,Thursday,"Mist + Cloudy, Mist + Broken clouds, Mist + Few clouds, Mist",Cool
378,2012-01-13,1,1,1,0,5,1,1,11,12,51,25,174,3040,3214,Spring,Friday,"Clear, Few clouds, Partly cloudy, Partly cloudy",Cool
379,2012-01-14,1,1,1,0,6,0,1,7,9,46,13,333,2160,2493,Spring,Saturday,"Clear, Few clouds, Partly cloudy, Partly cloudy",Cold
380,2012-01-15,1,1,1,0,0,0,1,7,8,42,17,284,2027,2311,Spring,Sunday,"Clear, Few clouds, Partly cloudy, Partly cloudy",Cold
381,2012-01-16,1,1,1,1,1,0,1,8,10,52,16,217,2081,2298,Spring,Monday,"Clear, Few clouds, Partly cloudy, Partly cloudy",Cold
382,2012-01-17,1,1,1,0,2,1,2,15,18,72,23,127,2808,2935,Spring,Tuesday,"Mist + Cloudy, Mist + Broken clouds, Mist + Few clouds, Mist",Cool
383,2012-01-18,1,1,1,0,3,1,1,12,14,44,28,109,3267,3376,Spring,Wednesday,"Clear, Few clouds, Partly cloudy, Partly cloudy",Cool
384,2012-01-19,1,1,1,0,4,1,1,8,10,50,15,130,3162,3292,Spring,Thursday,"Clear, Few clouds, Partly cloudy, Partly cloudy",Cold
385,2012-01-20,1,1,1,0,5,1,2,9,11,45,14,115,3048,3163,Spring,Friday,"Mist + Cloudy, Mist + Broken clouds, Mist + Few clouds, Mist",Cold
386,2012-01-21,1,1,1,0,6,0,2,7,9,83,15,67,1234,1301,Spring,Saturday,"Mist + Cloudy, Mist + Broken clouds, Mist + Few clouds, Mist",Cold
387,2012-01-22,1,1,1,0,0,0,2,7,8,80,13,196,1781,1977,Spring,Sunday,"Mist + Cloudy, Mist + Broken clouds, Mist + Few clouds, Mist",Cold
388,2012-01-23,1,1,1,0,1,1,2,9,12,91,7,145,2287,2432,Spring,Monday,"Mist + Cloudy, Mist + Broken clouds, Mist + Few clouds, Mist",Cold
389,2012-01-24,1,1,1,0,2,1,1,14,17,84,8,439,3900,4339,Spring,Tuesday,"Clear, Few clouds, Partly cloudy, Partly cloudy",Cool
390,2012-01-25,1,1,1,0,3,1,1,12,15,64,11,467,3803,4270,Spring,Wednesday,"Clear, Few clouds, Partly cloudy, Partly cloudy",Cool
391,2012-01-26,1,1,1,0,4,1,2,14,18,77,5,244,3831,4075,Spring,Thursday,"Mist + Cloudy, Mist + Broken clouds, Mist + Few clouds, Mist",Cool
392,2012-01-27,1,1,1,0,5,1,2,17,21,74,23,269,3187,3456,Spring,Friday,"Mist + Cloudy, Mist + Broken clouds, Mist + Few clouds, Mist",Cool
393,2012-01-28,1,1,1,0,6,0,1,13,16,54,14,775,3248,4023,Spring,Saturday,"Clear, Few clouds, Partly cloudy, Partly cloudy",Cool
394,2012-01-29,1,1,1,0,0,0,1,12,14,31,16,558,2685,3243,Spring,Sunday,"Clear, Few clouds, Partly cloudy, Partly cloudy",Cool
395,2012-01-30,1,1,1,0,1,1,1,11,13,40,14,126,3498,3624,Spring,Monday,"Clear, Few clouds, Partly cloudy, Partly cloudy",Cool
396,2012-01-31,1,1,1,0,2,1,1,16,19,42,18,324,4185,4509,Spring,Tuesday,"Clear, Few clouds, Partly cloudy, Partly cloudy",Cool
397,2012-02-01,1,1,2,0,3,1,1,19,23,51,13,304,4275,4579,Spring,Wednesday,"Clear, Few clouds, Partly cloudy, Partly cloudy",Cool
398,2012-02-02,1,1,2,0,4,1,2,16,20,67,13,190,3571,3761,Spring,Thursday,"Mist + Cloudy, Mist + Broken clouds, Mist + Few clouds, Mist",Cool
399,2012-02-03,1,1,2,0,5,1,1,13,15,53,12,310,3841,4151,Spring,Friday,"Clear, Few clouds, Partly cloudy, Partly cloudy",Cool
400,2012-02-04,1,1,2,0,6,0,2,11,14,78,8,384,2448,2832,Spring,Saturday,"Mist + Cloudy, Mist + Broken clouds, Mist + Few clouds, Mist",Cool
401,2012-02-05,1,1,2,0,0,0,2,11,13,69,12,318,2629,2947,Spring,Sunday,"Mist + Cloudy, Mist + Broken clouds, Mist + Few clouds, Mist",Cool
402,2012-02-06,1,1,2,0,1,1,1,12,15,62,10,206,3578,3784,Spring,Monday,"Clear, Few clouds, Partly cloudy, Partly cloudy",Cool
403,2012-02-07,1,1,2,0,2,1,1,15,18,50,10,199,4176,4375,Spring,Tuesday,"Clear, Few clouds, Partly cloudy, Partly cloudy",Cool
404,2012-02-08,1,1,2,0,3,1,2,11,13,72,9,109,2693,2802,Spring,Wednesday,"Mist + Cloudy, Mist + Broken clouds, Mist + Few clouds, Mist",Cool
405,2012-02-09,1,1,2,0,4,1,1,11,13,56,13,163,3667,3830,Spring,Thursday,"Clear, Few clouds, Partly cloudy, Partly cloudy",Cool
406,2012-02-10,1,1,2,0,5,1,2,12,15,54,8,227,3604,3831,Spring,Friday,"Mist + Cloudy, Mist + Broken clouds, Mist + Few clouds, Mist",Cool
407,2012-02-11,1,1,2,0,6,0,3,9,11,73,19,192,1977,2169,Spring,Saturday,"Light Snow, Light Rain + Thunderstorm + Scattered clouds, Light Rain + Scattered clouds",Cold
408,2012-02-12,1,1,2,0,0,0,1,5,5,46,27,73,1456,1529,Spring,Sunday,"Clear, Few clouds, Partly cloudy, Partly cloudy",Cold
409,2012-02-13,1,1,2,0,1,1,1,9,11,41,11,94,3328,3422,Spring,Monday,"Clear, Few clouds, Partly cloudy, Partly cloudy",Cold
410,2012-02-14,1,1,2,0,2,1,2,13,17,51,9,135,3787,3922,Spring,Tuesday,"Mist + Cloudy, Mist + Broken clouds, Mist + Few clouds, Mist",Cool
411,2012-02-15,1,1,2,0,3,1,1,14,18,53,12,141,4028,4169,Spring,Wednesday,"Clear, Few clouds, Partly cloudy, Partly cloudy",Cool
412,2012-02-16,1,1,2,0,4,1,2,13,17,75,6,74,2931,3005,Spring,Thursday,"Mist + Cloudy, Mist + Broken clouds, Mist + Few clouds, Mist",Cool
413,2012-02-17,1,1,2,0,5,1,1,14,18,63,14,349,3805,4154,Spring,Friday,"Clear, Few clouds, Partly cloudy, Partly cloudy",Cool
414,2012-02-18,1,1,2,0,6,0,1,14,18,53,13,1435,2883,4318,Spring,Saturday,"Clear, Few clouds, Partly cloudy, Partly cloudy",Cool
415,2012-02-19,1,1,2,0,0,0,2,11,13,52,17,618,2071,2689,Spring,Sunday,"Mist + Cloudy, Mist + Broken clouds, Mist + Few clouds, Mist",Cool
416,2012-02-20,1,1,2,1,1,0,1,11,14,51,15,502,2627,3129,Spring,Monday,"Clear, Few clouds, Partly cloudy, Partly cloudy",Cool
417,2012-02-21,1,1,2,0,2,1,1,12,15,59,14,163,3614,3777,Spring,Tuesday,"Clear, Few clouds, Partly cloudy, Partly cloudy",Cool
418,2012-02-22,1,1,2,0,3,1,1,16,20,57,16,394,4379,4773,Spring,Wednesday,"Clear, Few clouds, Partly cloudy, Partly cloudy",Cool
419,2012-02-23,1,1,2,0,4,1,1,19,22,55,13,516,4546,5062,Spring,Thursday,"Clear, Few clouds, Partly cloudy, Partly cloudy",Cool
420,2012-02-24,1,1,2,0,5,1,2,17,21,74,16,246,3241,3487,Spring,Friday,"Mist + Cloudy, Mist + Broken clouds, Mist + Few clouds, Mist",Cool
421,2012-02-25,1,1,2,0,6,0,1,12,13,40,28,317,2415,2732,Spring,Saturday,"Clear, Few clouds, Partly cloudy, Partly cloudy",Cool
422,2012-02-26,1,1,2,0,0,0,1,11,13,41,14,515,2874,3389,Spring,Sunday,"Clear, Few clouds, Partly cloudy, Partly cloudy",Cool
423,2012-02-27,1,1,2,0,1,1,1,15,18,49,18,253,4069,4322,Spring,Monday,"Clear, Few clouds, Partly cloudy, Partly cloudy",Cool
424,2012-02-28,1,1,2,0,2,1,1,15,18,40,13,229,4134,4363,Spring,Tuesday,"Clear, Few clouds, Partly cloudy, Partly cloudy",Cool
425,2012-02-29,1,1,2,0,3,1,2,14,17,80,12,65,1769,1834,Spring,Wednesday,"Mist + Cloudy, Mist + Broken clouds, Mist + Few clouds, Mist",Cool
426,2012-03-01,1,1,3,0,4,1,1,20,24,62,15,325,4665,4990,Spring,Thursday,"Clear, Few clouds, Partly cloudy, Partly cloudy",Cool
427,2012-03-02,1,1,3,0,5,1,2,14,18,66,10,246,2948,3194,Spring,Friday,"Mist + Cloudy, Mist + Broken clouds, Mist + Few clouds, Mist",Cool
428,2012-03-03,1,1,3,0,6,0,2,17,21,62,11,956,3110,4066,Spring,Saturday,"Mist + Cloudy, Mist + Broken clouds, Mist + Few clouds, Mist",Cool
429,2012-03-04,1,1,3,0,0,0,1,13,15,40,22,710,2713,3423,Spring,Sunday,"Clear, Few clouds, Partly cloudy, Partly cloudy",Cool
430,2012-03-05,1,1,3,0,1,1,1,10,12,51,15,203,3130,3333,Spring,Monday,"Clear, Few clouds, Partly cloudy, Partly cloudy",Cold
431,2012-03-06,1,1,3,0,2,1,1,11,13,46,13,221,3735,3956,Spring,Tuesday,"Clear, Few clouds, Partly cloudy, Partly cloudy",Cool
432,2012-03-07,1,1,3,0,3,1,1,17,19,51,23,432,4484,4916,Spring,Wednesday,"Clear, Few clouds, Partly cloudy, Partly cloudy",Cool
433,2012-03-08,1,1,3,0,4,1,1,22,26,57,30,486,4896,5382,Spring,Thursday,"Clear, Few clouds, Partly cloudy, Partly cloudy",Warm
434,2012-03-09,1,1,3,0,5,1,2,17,20,41,28,447,4122,4569,Spring,Friday,"Mist + Cloudy, Mist + Broken clouds, Mist + Few clouds, Mist",Cool
435,2012-03-10,1,1,3,0,6,0,1,12,14,35,15,968,3150,4118,Spring,Saturday,"Clear, Few clouds, Partly cloudy, Partly cloudy",Cool
436,2012-03-11,1,1,3,0,0,0,1,15,18,48,15,1658,3253,4911,Spring,Sunday,"Clear, Few clouds, Partly cloudy, Partly cloudy",Cool
437,2012-03-12,1,1,3,0,1,1,1,19,23,49,14,838,4460,5298,Spring,Monday,"Clear, Few clouds, Partly cloudy, Partly cloudy",Cool
438,2012-03-13,1,1,3,0,2,1,1,23,27,62,16,762,5085,5847,Spring,Tuesday,"Clear, Few clouds, Partly cloudy, Partly cloudy",Warm
439,2012-03-14,1,1,3,0,3,1,1,23,27,51,8,997,5315,6312,Spring,Wednesday,"Clear, Few clouds, Partly cloudy, Partly cloudy",Warm
440,2012-03-15,1,1,3,0,4,1,1,23,27,58,10,1005,5187,6192,Spring,Thursday,"Clear, Few clouds, Partly cloudy, Partly cloudy",Warm
441,2012-03-16,1,1,3,0,5,1,2,18,22,84,8,548,3830,4378,Spring,Friday,"Mist + Cloudy, Mist + Broken clouds, Mist + Few clouds, Mist",Cool
442,2012-03-17,1,1,3,0,6,0,2,21,25,76,7,3155,4681,7836,Spring,Saturday,"Mist + Cloudy, Mist + Broken clouds, Mist + Few clouds, Mist",Warm
443,2012-03-18,1,1,3,0,0,0,2,19,23,81,9,2207,3685,5892,Spring,Sunday,"Mist + Cloudy, Mist + Broken clouds, Mist + Few clouds, Mist",Cool
444,2012-03-19,1,1,3,0,1,1,1,22,27,73,11,982,5171,6153,Spring,Monday,"Clear, Few clouds, Partly cloudy, Partly cloudy",Warm
445,2012-03-20,1,1,3,0,2,1,1,23,27,81,8,1051,5042,6093,Spring,Tuesday,"Clear, Few clouds, Partly cloudy, Partly cloudy",Warm
446,2012-03-21,2,1,3,0,3,1,2,22,26,82,6,1122,5108,6230,Summer,Wednesday,"Mist + Cloudy, Mist + Broken clouds, Mist + Few clouds, Mist",Warm
447,2012-03-22,2,1,3,0,4,1,1,23,27,83,8,1334,5537,6871,Summer,Thursday,"Clear, Few clouds, Partly cloudy, Partly cloudy",Warm
448,2012-03-23,2,1,3,0,5,1,2,25,29,69,8,2469,5893,8362,Summer,Friday,"Mist + Cloudy, Mist + Broken clouds, Mist + Few clouds, Mist",Warm
449,2012-03-24,2,1,3,0,6,0,2,21,24,89,13,1033,2339,3372,Summer,Saturday,"Mist + Cloudy, Mist + Broken clouds, Mist + Few clouds, Mist",Warm
450,2012-03-25,2,1,3,0,0,0,2,18,22,88,15,1532,3464,4996,Summer,Sunday,"Mist + Cloudy, Mist + Broken clouds, Mist + Few clouds, Mist",Cool
451,2012-03-26,2,1,3,0,1,1,1,18,22,48,26,795,4763,5558,Summer,Monday,"Clear, Few clouds, Partly cloudy, Partly cloudy",Cool
452,2012-03-27,2,1,3,0,2,1,1,13,16,29,13,531,4571,5102,Summer,Tuesday,"Clear, Few clouds, Partly cloudy, Partly cloudy",Cool
453,2012-03-28,2,1,3,0,3,1,1,20,24,48,20,674,5024,5698,Summer,Wednesday,"Clear, Few clouds, Partly cloudy, Partly cloudy",Cool
454,2012-03-29,2,1,3,0,4,1,1,20,24,44,21,834,5299,6133,Summer,Thursday,"Clear, Few clouds, Partly cloudy, Partly cloudy",Cool
455,2012-03-30,2,1,3,0,5,1,2,15,19,58,9,796,4663,5459,Summer,Friday,"Mist + Cloudy, Mist + Broken clouds, Mist + Few clouds, Mist",Cool
456,2012-03-31,2,1,3,0,6,0,2,17,21,74,17,2301,3934,6235,Summer,Saturday,"Mist + Cloudy, Mist + Broken clouds, Mist + Few clouds, Mist",Cool
457,2012-04-01,2,1,4,0,0,0,2,17,21,68,12,2347,3694,6041,Summer,Sunday,"Mist + Cloudy, Mist + Broken clouds, Mist + Few clouds, Mist",Cool
458,2012-04-02,2,1,4,0,1,1,1,18,21,50,21,1208,4728,5936,Summer,Monday,"Clear, Few clouds, Partly cloudy, Partly cloudy",Cool
459,2012-04-03,2,1,4,0,2,1,1,19,23,40,7,1348,5424,6772,Summer,Tuesday,"Clear, Few clouds, Partly cloudy, Partly cloudy",Cool
460,2012-04-04,2,1,4,0,3,1,1,22,27,47,12,1058,5378,6436,Summer,Wednesday,"Clear, Few clouds, Partly cloudy, Partly cloudy",Warm
461,2012-04-05,2,1,4,0,4,1,1,18,22,37,15,1192,5265,6457,Summer,Thursday,"Clear, Few clouds, Partly cloudy, Partly cloudy",Cool
462,2012-04-06,2,1,4,0,5,1,1,17,20,38,20,1807,4653,6460,Summer,Friday,"Clear, Few clouds, Partly cloudy, Partly cloudy",Cool
463,2012-04-07,2,1,4,0,6,0,1,18,21,25,18,3252,3605,6857,Summer,Saturday,"Clear, Few clouds, Partly cloudy, Partly cloudy",Cool
464,2012-04-08,2,1,4,0,0,0,1,20,25,28,16,2230,2939,5169,Summer,Sunday,"Clear, Few clouds, Partly cloudy, Partly cloudy",Cool
465,2012-04-09,2,1,4,0,1,1,1,20,24,32,24,905,4680,5585,Summer,Monday,"Clear, Few clouds, Partly cloudy, Partly cloudy",Cool
466,2012-04-10,2,1,4,0,2,1,1,18,22,44,17,819,5099,5918,Summer,Tuesday,"Clear, Few clouds, Partly cloudy, Partly cloudy",Cool
467,2012-04-11,2,1,4,0,3,1,1,14,17,47,20,482,4380,4862,Summer,Wednesday,"Clear, Few clouds, Partly cloudy, Partly cloudy",Cool
468,2012-04-12,2,1,4,0,4,1,1,16,19,47,19,663,4746,5409,Summer,Thursday,"Clear, Few clouds, Partly cloudy, Partly cloudy",Cool
469,2012-04-13,2,1,4,0,5,1,1,18,22,41,10,1252,5146,6398,Summer,Friday,"Clear, Few clouds, Partly cloudy, Partly cloudy",Cool
470,2012-04-14,2,1,4,0,6,0,1,20,24,50,13,2795,4665,7460,Summer,Saturday,"Clear, Few clouds, Partly cloudy, Partly cloudy",Cool
471,2012-04-15,2,1,4,0,0,0,1,25,29,51,15,2846,4286,7132,Summer,Sunday,"Clear, Few clouds, Partly cloudy, Partly cloudy",Warm
472,2012-04-16,2,1,4,1,1,0,1,27,31,56,19,1198,5172,6370,Summer,Monday,"Clear, Few clouds, Partly cloudy, Partly cloudy",Warm
473,2012-04-17,2,1,4,0,2,1,1,25,30,39,18,989,5702,6691,Summer,Tuesday,"Clear, Few clouds, Partly cloudy, Partly cloudy",Warm
474,2012-04-18,2,1,4,0,3,1,2,19,23,57,11,347,4020,4367,Summer,Wednesday,"Mist + Cloudy, Mist + Broken clouds, Mist + Few clouds, Mist",Cool
475,2012-04-19,2,1,4,0,4,1,1,20,25,61,4,846,5719,6565,Summer,Thursday,"Clear, Few clouds, Partly cloudy, Partly cloudy",Cool
476,2012-04-20,2,1,4,0,5,1,1,22,26,69,10,1340,5950,7290,Summer,Friday,"Clear, Few clouds, Partly cloudy, Partly cloudy",Warm
477,2012-04-21,2,1,4,0,6,0,1,23,27,68,19,2541,4083,6624,Summer,Saturday,"Clear, Few clouds, Partly cloudy, Partly cloudy",Warm
478,2012-04-22,2,1,4,0,0,0,3,16,19,84,23,120,907,1027,Summer,Sunday,"Light Snow, Light Rain + Thunderstorm + Scattered clouds, Light Rain + Scattered clouds",Cool
479,2012-04-23,2,1,4,0,1,1,2,13,15,77,20,195,3019,3214,Summer,Monday,"Mist + Cloudy, Mist + Broken clouds, Mist + Few clouds, Mist",Cool
480,2012-04-24,2,1,4,0,2,1,1,17,20,45,17,518,5115,5633,Summer,Tuesday,"Clear, Few clouds, Partly cloudy, Partly cloudy",Cool
481,2012-04-25,2,1,4,0,3,1,1,20,24,43,8,655,5541,6196,Summer,Wednesday,"Clear, Few clouds, Partly cloudy, Partly cloudy",Cool
482,2012-04-26,2,1,4,0,4,1,2,20,24,76,12,475,4551,5026,Summer,Thursday,"Mist + Cloudy, Mist + Broken clouds, Mist + Few clouds, Mist",Cool
483,2012-04-27,2,1,4,0,5,1,1,19,23,40,23,1014,5219,6233,Summer,Friday,"Clear, Few clouds, Partly cloudy, Partly cloudy",Cool
484,2012-04-28,2,1,4,0,6,0,2,15,19,49,9,1120,3100,4220,Summer,Saturday,"Mist + Cloudy, Mist + Broken clouds, Mist + Few clouds, Mist",Cool
485,2012-04-29,2,1,4,0,0,0,1,19,23,59,8,2229,4075,6304,Summer,Sunday,"Clear, Few clouds, Partly cloudy, Partly cloudy",Cool
486,2012-04-30,2,1,4,0,1,1,2,19,23,57,11,665,4907,5572,Summer,Monday,"Mist + Cloudy, Mist + Broken clouds, Mist + Few clouds, Mist",Cool
487,2012-05-01,2,1,5,0,2,1,2,25,29,66,10,653,5087,5740,Summer,Tuesday,"Mist + Cloudy, Mist + Broken clouds, Mist + Few clouds, Mist",Warm
488,2012-05-02,2,1,5,0,3,1,1,23,27,80,9,667,5502,6169,Summer,Wednesday,"Clear, Few clouds, Partly cloudy, Partly cloudy",Warm
489,2012-05-03,2,1,5,0,4,1,2,23,27,77,9,764,5657,6421,Summer,Thursday,"Mist + Cloudy, Mist + Broken clouds, Mist + Few clouds, Mist",Warm
490,2012-05-04,2,1,5,0,5,1,1,26,30,74,11,1069,5227,6296,Summer,Friday,"Clear, Few clouds, Partly cloudy, Partly cloudy",Warm
491,2012-05-05,2,1,5,0,6,0,2,25,29,76,10,2496,4387,6883,Summer,Saturday,"Mist + Cloudy, Mist + Broken clouds, Mist + Few clouds, Mist",Warm
492,2012-05-06,2,1,5,0,0,0,2,23,27,74,10,2135,4224,6359,Summer,Sunday,"Mist + Cloudy, Mist + Broken clouds, Mist + Few clouds, Mist",Warm
493,2012-05-07,2,1,5,0,1,1,2,22,26,66,15,1008,5265,6273,Summer,Monday,"Mist + Cloudy, Mist + Broken clouds, Mist + Few clouds, Mist",Warm
494,2012-05-08,2,1,5,0,2,1,2,24,28,69,20,738,4990,5728,Summer,Tuesday,"Mist + Cloudy, Mist + Broken clouds, Mist + Few clouds, Mist",Warm
495,2012-05-09,2,1,5,0,3,1,2,24,28,74,14,620,4097,4717,Summer,Wednesday,"Mist + Cloudy, Mist + Broken clouds, Mist + Few clouds, Mist",Warm
496,2012-05-10,2,1,5,0,4,1,1,21,25,55,21,1026,5546,6572,Summer,Thursday,"Clear, Few clouds, Partly cloudy, Partly cloudy",Warm
497,2012-05-11,2,1,5,0,5,1,1,22,26,36,16,1319,5711,7030,Summer,Friday,"Clear, Few clouds, Partly cloudy, Partly cloudy",Warm
498,2012-05-12,2,1,5,0,6,0,1,23,27,48,8,2622,4807,7429,Summer,Saturday,"Clear, Few clouds, Partly cloudy, Partly cloudy",Warm
499,2012-05-13,2,1,5,0,0,0,1,25,29,58,15,2172,3946,6118,Summer,Sunday,"Clear, Few clouds, Partly cloudy, Partly cloudy",Warm
500,2012-05-14,2,1,5,0,1,1,2,24,27,79,14,342,2501,2843,Summer,Monday,"Mist + Cloudy, Mist + Broken clouds, Mist + Few clouds, Mist",Warm
501,2012-05-15,2,1,5,0,2,1,2,25,29,79,10,625,4490,5115,Summer,Tuesday,"Mist + Cloudy, Mist + Broken clouds, Mist + Few clouds, Mist",Warm
502,2012-05-16,2,1,5,0,3,1,1,26,30,70,8,991,6433,7424,Summer,Wednesday,"Clear, Few clouds, Partly cloudy, Partly cloudy",Warm
503,2012-05-17,2,1,5,0,4,1,1,24,29,52,15,1242,6142,7384,Summer,Thursday,"Clear, Few clouds, Partly cloudy, Partly cloudy",Warm
504,2012-05-18,2,1,5,0,5,1,1,23,28,52,9,1521,6118,7639,Summer,Friday,"Clear, Few clouds, Partly cloudy, Partly cloudy",Warm
505,2012-05-19,2,1,5,0,6,0,1,25,28,46,6,3410,4884,8294,Summer,Saturday,"Clear, Few clouds, Partly cloudy, Partly cloudy",Warm
506,2012-05-20,2,1,5,0,0,0,1,25,29,53,17,2704,4425,7129,Summer,Sunday,"Clear, Few clouds, Partly cloudy, Partly cloudy",Warm
507,2012-05-21,2,1,5,0,1,1,2,25,28,81,16,630,3729,4359,Summer,Monday,"Mist + Cloudy, Mist + Broken clouds, Mist + Few clouds, Mist",Warm
508,2012-05-22,2,1,5,0,2,1,2,25,29,77,8,819,5254,6073,Summer,Tuesday,"Mist + Cloudy, Mist + Broken clouds, Mist + Few clouds, Mist",Warm
509,2012-05-23,2,1,5,0,3,1,2,25,29,77,7,766,4494,5260,Summer,Wednesday,"Mist + Cloudy, Mist + Broken clouds, Mist + Few clouds, Mist",Warm
510,2012-05-24,2,1,5,0,4,1,1,27,30,72,12,1059,5711,6770,Summer,Thursday,"Clear, Few clouds, Partly cloudy, Partly cloudy",Warm
511,2012-05-25,2,1,5,0,5,1,1,28,31,75,9,1417,5317,6734,Summer,Friday,"Clear, Few clouds, Partly cloudy, Partly cloudy",Warm
512,2012-05-26,2,1,5,0,6,0,1,28,32,73,13,2855,3681,6536,Summer,Saturday,"Clear, Few clouds, Partly cloudy, Partly cloudy",Warm
513,2012-05-27,2,1,5,0,0,0,1,28,32,70,14,3283,3308,6591,Summer,Sunday,"Clear, Few clouds, Partly cloudy, Partly cloudy",Warm
514,2012-05-28,2,1,5,1,1,0,1,29,34,68,13,2557,3486,6043,Summer,Monday,"Clear, Few clouds, Partly cloudy, Partly cloudy",Warm
515,2012-05-29,2,1,5,0,2,1,1,30,34,68,20,880,4863,5743,Summer,Tuesday,"Clear, Few clouds, Partly cloudy, Partly cloudy",Warm
516,2012-05-30,2,1,5,0,3,1,2,27,31,67,9,745,6110,6855,Summer,Wednesday,"Mist + Cloudy, Mist + Broken clouds, Mist + Few clouds, Mist",Warm
517,2012-05-31,2,1,5,0,4,1,1,28,32,49,13,1100,6238,7338,Summer,Thursday,"Clear, Few clouds, Partly cloudy, Partly cloudy",Warm
518,2012-06-01,2,1,6,0,5,1,2,27,30,76,16,533,3594,4127,Summer,Friday,"Mist + Cloudy, Mist + Broken clouds, Mist + Few clouds, Mist",Warm
519,2012-06-02,2,1,6,0,6,0,1,24,28,55,12,2795,5325,8120,Summer,Saturday,"Clear, Few clouds, Partly cloudy, Partly cloudy",Warm
520,2012-06-03,2,1,6,0,0,0,1,25,29,49,12,2494,5147,7641,Summer,Sunday,"Clear, Few clouds, Partly cloudy, Partly cloudy",Warm
521,2012-06-04,2,1,6,0,1,1,1,24,29,49,19,1071,5927,6998,Summer,Monday,"Clear, Few clouds, Partly cloudy, Partly cloudy",Warm
522,2012-06-05,2,1,6,0,2,1,2,22,26,61,14,968,6033,7001,Summer,Tuesday,"Mist + Cloudy, Mist + Broken clouds, Mist + Few clouds, Mist",Warm
523,2012-06-06,2,1,6,0,3,1,1,23,27,61,5,1027,6028,7055,Summer,Wednesday,"Clear, Few clouds, Partly cloudy, Partly cloudy",Warm
524,2012-06-07,2,1,6,0,4,1,1,25,28,57,11,1038,6456,7494,Summer,Thursday,"Clear, Few clouds, Partly cloudy, Partly cloudy",Warm
525,2012-06-08,2,1,6,0,5,1,1,27,30,47,12,1488,6248,7736,Summer,Friday,"Clear, Few clouds, Partly cloudy, Partly cloudy",Warm
526,2012-06-09,2,1,6,0,6,0,1,29,32,44,10,2708,4790,7498,Summer,Saturday,"Clear, Few clouds, Partly cloudy, Partly cloudy",Warm
527,2012-06-10,2,1,6,0,0,0,1,30,33,54,9,2224,4374,6598,Summer,Sunday,"Clear, Few clouds, Partly cloudy, Partly cloudy",Warm
528,2012-06-11,2,1,6,0,1,1,2,30,33,59,14,1017,5647,6664,Summer,Monday,"Mist + Cloudy, Mist + Broken clouds, Mist + Few clouds, Mist",Warm
529,2012-06-12,2,1,6,0,2,1,2,27,30,83,14,477,4495,4972,Summer,Tuesday,"Mist + Cloudy, Mist + Broken clouds, Mist + Few clouds, Mist",Warm
530,2012-06-13,2,1,6,0,3,1,1,27,31,58,23,1173,6248,7421,Summer,Wednesday,"Clear, Few clouds, Partly cloudy, Partly cloudy",Warm
531,2012-06-14,2,1,6,0,4,1,1,27,31,57,17,1180,6183,7363,Summer,Thursday,"Clear, Few clouds, Partly cloudy, Partly cloudy",Warm
532,2012-06-15,2,1,6,0,5,1,1,26,30,59,12,1563,6102,7665,Summer,Friday,"Clear, Few clouds, Partly cloudy, Partly cloudy",Warm
533,2012-06-16,2,1,6,0,6,0,1,26,30,50,11,2963,4739,7702,Summer,Saturday,"Clear, Few clouds, Partly cloudy, Partly cloudy",Warm
534,2012-06-17,2,1,6,0,0,0,1,24,29,60,10,2634,4344,6978,Summer,Sunday,"Clear, Few clouds, Partly cloudy, Partly cloudy",Warm
535,2012-06-18,2,1,6,0,1,1,2,23,27,78,12,653,4446,5099,Summer,Monday,"Mist + Cloudy, Mist + Broken clouds, Mist + Few clouds, Mist",Warm
536,2012-06-19,2,1,6,0,2,1,1,28,33,69,10,968,5857,6825,Summer,Tuesday,"Clear, Few clouds, Partly cloudy, Partly cloudy",Warm
537,2012-06-20,2,1,6,0,3,1,1,32,36,59,8,872,5339,6211,Summer,Wednesday,"Clear, Few clouds, Partly cloudy, Partly cloudy",Hot
538,2012-06-21,3,1,6,0,4,1,1,33,38,57,8,778,5127,5905,Autumn,Thursday,"Clear, Few clouds, Partly cloudy, Partly cloudy",Hot
539,2012-06-22,3,1,6,0,5,1,1,32,36,57,12,964,4859,5823,Autumn,Friday,"Clear, Few clouds, Partly cloudy, Partly cloudy",Hot
540,2012-06-23,3,1,6,0,6,0,1,30,33,53,12,2657,4801,7458,Autumn,Saturday,"Clear, Few clouds, Partly cloudy, Partly cloudy",Warm
541,2012-06-24,3,1,6,0,0,0,1,30,34,48,10,2551,4340,6891,Autumn,Sunday,"Clear, Few clouds, Partly cloudy, Partly cloudy",Warm
542,2012-06-25,3,1,6,0,1,1,1,29,33,50,20,1139,5640,6779,Autumn,Monday,"Clear, Few clouds, Partly cloudy, Partly cloudy",Warm
543,2012-06-26,3,1,6,0,2,1,1,26,30,37,23,1077,6365,7442,Autumn,Tuesday,"Clear, Few clouds, Partly cloudy, Partly cloudy",Warm
544,2012-06-27,3,1,6,0,3,1,1,29,32,36,18,1077,6258,7335,Autumn,Wednesday,"Clear, Few clouds, Partly cloudy, Partly cloudy",Warm
545,2012-06-28,3,1,6,0,4,1,1,31,34,42,12,921,5958,6879,Autumn,Thursday,"Clear, Few clouds, Partly cloudy, Partly cloudy",Hot
546,2012-06-29,3,1,6,0,5,1,1,34,39,49,11,829,4634,5463,Autumn,Friday,"Clear, Few clouds, Partly cloudy, Partly cloudy",Hot
547,2012-06-30,3,1,6,0,6,0,1,31,34,60,11,1455,4232,5687,Autumn,Saturday,"Clear, Few clouds, Partly cloudy, Partly cloudy",Hot
548,2012-07-01,3,1,7,0,0,0,1,33,38,52,11,1421,4110,5531,Autumn,Sunday,"Clear, Few clouds, Partly cloudy, Partly cloudy",Hot
549,2012-07-02,3,1,7,0,1,1,1,32,35,45,13,904,5323,6227,Autumn,Monday,"Clear, Few clouds, Partly cloudy, Partly cloudy",Hot
550,2012-07-03,3,1,7,0,2,1,1,32,35,49,8,1052,5608,6660,Autumn,Tuesday,"Clear, Few clouds, Partly cloudy, Partly cloudy",Hot
551,2012-07-04,3,1,7,1,3,0,1,32,37,54,9,2562,4841,7403,Autumn,Wednesday,"Clear, Few clouds, Partly cloudy, Partly cloudy",Hot
552,2012-07-05,3,1,7,0,4,1,1,34,38,46,13,1405,4836,6241,Autumn,Thursday,"Clear, Few clouds, Partly cloudy, Partly cloudy",Hot
553,2012-07-06,3,1,7,0,5,1,1,34,38,45,10,1366,4841,6207,Autumn,Friday,"Clear, Few clouds, Partly cloudy, Partly cloudy",Hot
554,2012-07-07,3,1,7,0,6,0,1,35,40,49,11,1448,3392,4840,Autumn,Saturday,"Clear, Few clouds, Partly cloudy, Partly cloudy",Hot
555,2012-07-08,3,1,7,0,0,0,1,34,40,57,8,1203,3469,4672,Autumn,Sunday,"Clear, Few clouds, Partly cloudy, Partly cloudy",Hot
556,2012-07-09,3,1,7,0,1,1,2,29,33,68,12,998,5571,6569,Autumn,Monday,"Mist + Cloudy, Mist + Broken clouds, Mist + Few clouds, Mist",Warm
557,2012-07-10,3,1,7,0,2,1,2,30,33,67,10,954,5336,6290,Autumn,Tuesday,"Mist + Cloudy, Mist + Broken clouds, Mist + Few clouds, Mist",Warm
558,2012-07-11,3,1,7,0,3,1,1,29,33,63,10,975,6289,7264,Autumn,Wednesday,"Clear, Few clouds, Partly cloudy, Partly cloudy",Warm
559,2012-07-12,3,1,7,0,4,1,1,29,33,53,10,1032,6414,7446,Autumn,Thursday,"Clear, Few clouds, Partly cloudy, Partly cloudy",Warm
560,2012-07-13,3,1,7,0,5,1,2,30,33,49,5,1511,5988,7499,Autumn,Friday,"Mist + Cloudy, Mist + Broken clouds, Mist + Few clouds, Mist",Warm
561,2012-07-14,3,1,7,0,6,0,2,29,33,70,10,2355,4614,6969,Autumn,Saturday,"Mist + Cloudy, Mist + Broken clouds, Mist + Few clouds, Mist",Warm
562,2012-07-15,3,1,7,0,0,0,1,31,35,72,11,1920,4111,6031,Autumn,Sunday,"Clear, Few clouds, Partly cloudy, Partly cloudy",Hot
563,2012-07-16,3,1,7,0,1,1,1,31,36,64,11,1088,5742,6830,Autumn,Monday,"Clear, Few clouds, Partly cloudy, Partly cloudy",Hot
564,2012-07-17,3,1,7,0,2,1,1,34,38,51,8,921,5865,6786,Autumn,Tuesday,"Clear, Few clouds, Partly cloudy, Partly cloudy",Hot
565,2012-07-18,3,1,7,0,3,1,1,33,37,58,9,799,4914,5713,Autumn,Wednesday,"Clear, Few clouds, Partly cloudy, Partly cloudy",Hot
566,2012-07-19,3,1,7,0,4,1,1,32,36,60,11,888,5703,6591,Autumn,Thursday,"Clear, Few clouds, Partly cloudy, Partly cloudy",Hot
567,2012-07-20,3,1,7,0,5,1,2,27,31,84,14,747,5123,5870,Autumn,Friday,"Mist + Cloudy, Mist + Broken clouds, Mist + Few clouds, Mist",Warm
568,2012-07-21,3,1,7,0,6,0,3,24,27,87,14,1264,3195,4459,Autumn,Saturday,"Light Snow, Light Rain + Thunderstorm + Scattered clouds, Light Rain + Scattered clouds",Warm
569,2012-07-22,3,1,7,0,0,0,2,27,31,76,6,2544,4866,7410,Autumn,Sunday,"Mist + Cloudy, Mist + Broken clouds, Mist + Few clouds, Mist",Warm
570,2012-07-23,3,1,7,0,1,1,1,30,35,69,9,1135,5831,6966,Autumn,Monday,"Clear, Few clouds, Partly cloudy, Partly cloudy",Warm
571,2012-07-24,3,1,7,0,2,1,1,31,35,66,14,1140,6452,7592,Autumn,Tuesday,"Clear, Few clouds, Partly cloudy, Partly cloudy",Hot
572,2012-07-25,3,1,7,0,3,1,1,30,33,45,11,1383,6790,8173,Autumn,Wednesday,"Clear, Few clouds, Partly cloudy, Partly cloudy",Warm
573,2012-07-26,3,1,7,0,4,1,1,32,37,60,19,1036,5825,6861,Autumn,Thursday,"Clear, Few clouds, Partly cloudy, Partly cloudy",Hot
574,2012-07-27,3,1,7,0,5,1,1,32,37,59,10,1259,5645,6904,Autumn,Friday,"Clear, Few clouds, Partly cloudy, Partly cloudy",Hot
575,2012-07-28,3,1,7,0,6,0,1,31,35,61,11,2234,4451,6685,Autumn,Saturday,"Clear, Few clouds, Partly cloudy, Partly cloudy",Hot
576,2012-07-29,3,1,7,0,0,0,1,30,33,62,11,2153,4444,6597,Autumn,Sunday,"Clear, Few clouds, Partly cloudy, Partly cloudy",Warm
577,2012-07-30,3,1,7,0,1,1,1,30,34,67,10,1040,6065,7105,Autumn,Monday,"Clear, Few clouds, Partly cloudy, Partly cloudy",Warm
578,2012-07-31,3,1,7,0,2,1,1,29,33,70,11,968,6248,7216,Autumn,Tuesday,"Clear, Few clouds, Partly cloudy, Partly cloudy",Warm
579,2012-08-01,3,1,8,0,3,1,1,29,33,68,9,1074,6506,7580,Autumn,Wednesday,"Clear, Few clouds, Partly cloudy, Partly cloudy",Warm
580,2012-08-02,3,1,8,0,4,1,1,31,35,66,9,983,6278,7261,Autumn,Thursday,"Clear, Few clouds, Partly cloudy, Partly cloudy",Hot
581,2012-08-03,3,1,8,0,5,1,2,31,36,64,14,1328,5847,7175,Autumn,Friday,"Mist + Cloudy, Mist + Broken clouds, Mist + Few clouds, Mist",Hot
582,2012-08-04,3,1,8,0,6,0,1,33,38,61,17,2345,4479,6824,Autumn,Saturday,"Clear, Few clouds, Partly cloudy, Partly cloudy",Hot
583,2012-08-05,3,1,8,0,0,0,1,32,37,65,19,1707,3757,5464,Autumn,Sunday,"Clear, Few clouds, Partly cloudy, Partly cloudy",Hot
584,2012-08-06,3,1,8,0,1,1,2,31,36,65,9,1233,5780,7013,Autumn,Monday,"Mist + Cloudy, Mist + Broken clouds, Mist + Few clouds, Mist",Hot
585,2012-08-07,3,1,8,0,2,1,2,30,35,70,8,1278,5995,7273,Autumn,Tuesday,"Mist + Cloudy, Mist + Broken clouds, Mist + Few clouds, Mist",Warm
586,2012-08-08,3,1,8,0,3,1,2,31,35,67,7,1263,6271,7534,Autumn,Wednesday,"Mist + Cloudy, Mist + Broken clouds, Mist + Few clouds, Mist",Hot
587,2012-08-09,3,1,8,0,4,1,1,31,35,62,10,1196,6090,7286,Autumn,Thursday,"Clear, Few clouds, Partly cloudy, Partly cloudy",Hot
588,2012-08-10,3,1,8,0,5,1,2,29,33,72,16,1065,4721,5786,Autumn,Friday,"Mist + Cloudy, Mist + Broken clouds, Mist + Few clouds, Mist",Warm
589,2012-08-11,3,1,8,0,6,0,2,28,32,73,14,2247,4052,6299,Autumn,Saturday,"Mist + Cloudy, Mist + Broken clouds, Mist + Few clouds, Mist",Warm
590,2012-08-12,3,1,8,0,0,0,1,29,32,53,8,2182,4362,6544,Autumn,Sunday,"Clear, Few clouds, Partly cloudy, Partly cloudy",Warm
591,2012-08-13,3,1,8,0,1,1,1,30,33,55,9,1207,5676,6883,Autumn,Monday,"Clear, Few clouds, Partly cloudy, Partly cloudy",Warm
592,2012-08-14,3,1,8,0,2,1,1,30,34,69,11,1128,5656,6784,Autumn,Tuesday,"Clear, Few clouds, Partly cloudy, Partly cloudy",Warm
593,2012-08-15,3,1,8,0,3,1,1,29,33,62,11,1198,6149,7347,Autumn,Wednesday,"Clear, Few clouds, Partly cloudy, Partly cloudy",Warm
594,2012-08-16,3,1,8,0,4,1,1,29,33,52,10,1338,6267,7605,Autumn,Thursday,"Clear, Few clouds, Partly cloudy, Partly cloudy",Warm
595,2012-08-17,3,1,8,0,5,1,1,30,12,57,16,1483,5665,7148,Autumn,Friday,"Clear, Few clouds, Partly cloudy, Partly cloudy",Warm
596,2012-08-18,3,1,8,0,6,0,1,28,31,60,12,2827,5038,7865,Autumn,Saturday,"Clear, Few clouds, Partly cloudy, Partly cloudy",Warm
597,2012-08-19,3,1,8,0,0,0,2,26,30,71,6,1208,3341,4549,Autumn,Sunday,"Mist + Cloudy, Mist + Broken clouds, Mist + Few clouds, Mist",Warm
598,2012-08-20,3,1,8,0,1,1,2,26,30,73,9,1026,5504,6530,Autumn,Monday,"Mist + Cloudy, Mist + Broken clouds, Mist + Few clouds, Mist",Warm
599,2012-08-21,3,1,8,0,2,1,1,27,30,67,5,1081,5925,7006,Autumn,Tuesday,"Clear, Few clouds, Partly cloudy, Partly cloudy",Warm
600,2012-08-22,3,1,8,0,3,1,1,27,31,68,5,1094,6281,7375,Autumn,Wednesday,"Clear, Few clouds, Partly cloudy, Partly cloudy",Warm
601,2012-08-23,3,1,8,0,4,1,1,29,32,64,6,1363,6402,7765,Autumn,Thursday,"Clear, Few clouds, Partly cloudy, Partly cloudy",Warm
602,2012-08-24,3,1,8,0,5,1,2,29,32,62,5,1325,6257,7582,Autumn,Friday,"Mist + Cloudy, Mist + Broken clouds, Mist + Few clouds, Mist",Warm
603,2012-08-25,3,1,8,0,6,0,2,27,31,71,16,1829,4224,6053,Autumn,Saturday,"Mist + Cloudy, Mist + Broken clouds, Mist + Few clouds, Mist",Warm
604,2012-08-26,3,1,8,0,0,0,2,27,30,85,15,1483,3772,5255,Autumn,Sunday,"Mist + Cloudy, Mist + Broken clouds, Mist + Few clouds, Mist",Warm
605,2012-08-27,3,1,8,0,1,1,1,29,33,73,9,989,5928,6917,Autumn,Monday,"Clear, Few clouds, Partly cloudy, Partly cloudy",Warm
606,2012-08-28,3,1,8,0,2,1,1,30,33,62,13,935,6105,7040,Autumn,Tuesday,"Clear, Few clouds, Partly cloudy, Partly cloudy",Warm
607,2012-08-29,3,1,8,0,3,1,1,28,32,55,8,1177,6520,7697,Autumn,Wednesday,"Clear, Few clouds, Partly cloudy, Partly cloudy",Warm
608,2012-08-30,3,1,8,0,4,1,1,29,33,59,5,1172,6541,7713,Autumn,Thursday,"Clear, Few clouds, Partly cloudy, Partly cloudy",Warm
609,2012-08-31,3,1,8,0,5,1,1,31,34,59,11,1433,5917,7350,Autumn,Friday,"Clear, Few clouds, Partly cloudy, Partly cloudy",Hot
610,2012-09-01,3,1,9,0,6,0,2,31,35,64,8,2352,3788,6140,Autumn,Saturday,"Mist + Cloudy, Mist + Broken clouds, Mist + Few clouds, Mist",Hot
611,2012-09-02,3,1,9,0,0,0,2,29,32,82,4,2613,3197,5810,Autumn,Sunday,"Mist + Cloudy, Mist + Broken clouds, Mist + Few clouds, Mist",Warm
612,2012-09-03,3,1,9,1,1,0,1,29,33,79,10,1965,4069,6034,Autumn,Monday,"Clear, Few clouds, Partly cloudy, Partly cloudy",Warm
613,2012-09-04,3,1,9,0,2,1,1,30,34,76,16,867,5997,6864,Autumn,Tuesday,"Clear, Few clouds, Partly cloudy, Partly cloudy",Warm
614,2012-09-05,3,1,9,0,3,1,1,30,35,74,13,832,6280,7112,Autumn,Wednesday,"Clear, Few clouds, Partly cloudy, Partly cloudy",Warm
615,2012-09-06,3,1,9,0,4,1,2,29,33,81,10,611,5592,6203,Autumn,Thursday,"Mist + Cloudy, Mist + Broken clouds, Mist + Few clouds, Mist",Warm
616,2012-09-07,3,1,9,0,5,1,1,29,33,74,12,1045,6459,7504,Autumn,Friday,"Clear, Few clouds, Partly cloudy, Partly cloudy",Warm
617,2012-09-08,3,1,9,0,6,0,2,27,31,80,19,1557,4419,5976,Autumn,Saturday,"Mist + Cloudy, Mist + Broken clouds, Mist + Few clouds, Mist",Warm
618,2012-09-09,3,1,9,0,0,0,1,25,29,55,15,2570,5657,8227,Autumn,Sunday,"Clear, Few clouds, Partly cloudy, Partly cloudy",Warm
619,2012-09-10,3,1,9,0,1,1,1,24,28,50,17,1118,6407,7525,Autumn,Monday,"Clear, Few clouds, Partly cloudy, Partly cloudy",Warm
620,2012-09-11,3,1,9,0,2,1,1,24,28,52,6,1070,6697,7767,Autumn,Tuesday,"Clear, Few clouds, Partly cloudy, Partly cloudy",Warm
621,2012-09-12,3,1,9,0,3,1,1,25,29,58,9,1050,6820,7870,Autumn,Wednesday,"Clear, Few clouds, Partly cloudy, Partly cloudy",Warm
622,2012-09-13,3,1,9,0,4,1,1,25,29,64,6,1054,6750,7804,Autumn,Thursday,"Clear, Few clouds, Partly cloudy, Partly cloudy",Warm
623,2012-09-14,3,1,9,0,5,1,1,26,30,67,7,1379,6630,8009,Autumn,Friday,"Clear, Few clouds, Partly cloudy, Partly cloudy",Warm
624,2012-09-15,3,1,9,0,6,0,1,25,29,50,17,3160,5554,8714,Autumn,Saturday,"Clear, Few clouds, Partly cloudy, Partly cloudy",Warm
625,2012-09-16,3,1,9,0,0,0,1,24,28,57,6,2166,5167,7333,Autumn,Sunday,"Clear, Few clouds, Partly cloudy, Partly cloudy",Warm
626,2012-09-17,3,1,9,0,1,1,2,24,28,73,10,1022,5847,6869,Autumn,Monday,"Mist + Cloudy, Mist + Broken clouds, Mist + Few clouds, Mist",Warm
627,2012-09-18,3,1,9,0,2,1,2,26,28,87,24,371,3702,4073,Autumn,Tuesday,"Mist + Cloudy, Mist + Broken clouds, Mist + Few clouds, Mist",Warm
628,2012-09-19,3,1,9,0,3,1,1,23,27,54,14,788,6803,7591,Autumn,Wednesday,"Clear, Few clouds, Partly cloudy, Partly cloudy",Warm
629,2012-09-20,3,1,9,0,4,1,1,22,27,62,8,939,6781,7720,Autumn,Thursday,"Clear, Few clouds, Partly cloudy, Partly cloudy",Warm
630,2012-09-21,3,1,9,0,5,1,1,25,29,67,10,1250,6917,8167,Autumn,Friday,"Clear, Few clouds, Partly cloudy, Partly cloudy",Warm
631,2012-09-22,3,1,9,0,6,0,1,27,31,65,19,2512,5883,8395,Autumn,Saturday,"Clear, Few clouds, Partly cloudy, Partly cloudy",Warm
632,2012-09-23,4,1,9,0,0,0,1,22,26,47,15,2454,5453,7907,Winter,Sunday,"Clear, Few clouds, Partly cloudy, Partly cloudy",Warm
633,2012-09-24,4,1,9,0,1,1,1,21,25,49,10,1001,6435,7436,Winter,Monday,"Clear, Few clouds, Partly cloudy, Partly cloudy",Warm
634,2012-09-25,4,1,9,0,2,1,1,23,27,57,16,845,6693,7538,Winter,Tuesday,"Clear, Few clouds, Partly cloudy, Partly cloudy",Warm
635,2012-09-26,4,1,9,0,3,1,1,26,30,63,16,787,6946,7733,Winter,Wednesday,"Clear, Few clouds, Partly cloudy, Partly cloudy",Warm
636,2012-09-27,4,1,9,0,4,1,2,27,30,69,9,751,6642,7393,Winter,Thursday,"Mist + Cloudy, Mist + Broken clouds, Mist + Few clouds, Mist",Warm
637,2012-09-28,4,1,9,0,5,1,2,25,29,69,11,1045,6370,7415,Winter,Friday,"Mist + Cloudy, Mist + Broken clouds, Mist + Few clouds, Mist",Warm
638,2012-09-29,4,1,9,0,6,0,1,22,27,54,15,2589,5966,8555,Winter,Saturday,"Clear, Few clouds, Partly cloudy, Partly cloudy",Warm
639,2012-09-30,4,1,9,0,0,0,1,22,26,58,9,2015,4874,6889,Winter,Sunday,"Clear, Few clouds, Partly cloudy, Partly cloudy",Warm
640,2012-10-01,4,1,10,0,1,1,2,21,26,65,6,763,6015,6778,Winter,Monday,"Mist + Cloudy, Mist + Broken clouds, Mist + Few clouds, Mist",Warm
641,2012-10-02,4,1,10,0,2,1,3,24,27,87,7,315,4324,4639,Winter,Tuesday,"Light Snow, Light Rain + Thunderstorm + Scattered clouds, Light Rain + Scattered clouds",Warm
642,2012-10-03,4,1,10,0,3,1,2,27,30,79,4,728,6844,7572,Winter,Wednesday,"Mist + Cloudy, Mist + Broken clouds, Mist + Few clouds, Mist",Warm
643,2012-10-04,4,1,10,0,4,1,2,27,30,72,8,891,6437,7328,Winter,Thursday,"Mist + Cloudy, Mist + Broken clouds, Mist + Few clouds, Mist",Warm
644,2012-10-05,4,1,10,0,5,1,1,25,29,63,7,1516,6640,8156,Winter,Friday,"Clear, Few clouds, Partly cloudy, Partly cloudy",Warm
645,2012-10-06,4,1,10,0,6,0,1,23,27,66,18,3031,4934,7965,Winter,Saturday,"Clear, Few clouds, Partly cloudy, Partly cloudy",Warm
646,2012-10-07,4,1,10,0,0,0,2,17,21,71,9,781,2729,3510,Winter,Sunday,"Mist + Cloudy, Mist + Broken clouds, Mist + Few clouds, Mist",Cool
647,2012-10-08,4,1,10,1,1,0,2,16,19,71,13,874,4604,5478,Winter,Monday,"Mist + Cloudy, Mist + Broken clouds, Mist + Few clouds, Mist",Cool
648,2012-10-09,4,1,10,0,2,1,2,18,22,76,13,601,5791,6392,Winter,Tuesday,"Mist + Cloudy, Mist + Broken clouds, Mist + Few clouds, Mist",Cool
649,2012-10-10,4,1,10,0,3,1,1,21,25,63,13,780,6911,7691,Winter,Wednesday,"Clear, Few clouds, Partly cloudy, Partly cloudy",Warm
650,2012-10-11,4,1,10,0,4,1,1,18,22,46,12,834,6736,7570,Winter,Thursday,"Clear, Few clouds, Partly cloudy, Partly cloudy",Cool
651,2012-10-12,4,1,10,0,5,1,1,18,22,54,16,1060,6222,7282,Winter,Friday,"Clear, Few clouds, Partly cloudy, Partly cloudy",Cool
652,2012-10-13,4,1,10,0,6,0,1,16,20,49,10,2252,4857,7109,Winter,Saturday,"Clear, Few clouds, Partly cloudy, Partly cloudy",Cool
653,2012-10-14,4,1,10,0,0,0,1,21,25,64,19,2080,4559,6639,Winter,Sunday,"Clear, Few clouds, Partly cloudy, Partly cloudy",Warm
654,2012-10-15,4,1,10,0,1,1,2,23,27,71,20,760,5115,5875,Winter,Monday,"Mist + Cloudy, Mist + Broken clouds, Mist + Few clouds, Mist",Warm
655,2012-10-16,4,1,10,0,2,1,1,19,23,56,12,922,6612,7534,Winter,Tuesday,"Clear, Few clouds, Partly cloudy, Partly cloudy",Cool
656,2012-10-17,4,1,10,0,3,1,1,19,23,69,7,979,6482,7461,Winter,Wednesday,"Clear, Few clouds, Partly cloudy, Partly cloudy",Cool
657,2012-10-18,4,1,10,0,4,1,2,21,26,73,16,1008,6501,7509,Winter,Thursday,"Mist + Cloudy, Mist + Broken clouds, Mist + Few clouds, Mist",Warm
658,2012-10-19,4,1,10,0,5,1,2,23,27,82,9,753,4671,5424,Winter,Friday,"Mist + Cloudy, Mist + Broken clouds, Mist + Few clouds, Mist",Warm
659,2012-10-20,4,1,10,0,6,0,1,20,24,57,8,2806,5284,8090,Winter,Saturday,"Clear, Few clouds, Partly cloudy, Partly cloudy",Cool
660,2012-10-21,4,1,10,0,0,0,1,19,23,51,11,2132,4692,6824,Winter,Sunday,"Clear, Few clouds, Partly cloudy, Partly cloudy",Cool
661,2012-10-22,4,1,10,0,1,1,1,20,24,57,5,830,6228,7058,Winter,Monday,"Clear, Few clouds, Partly cloudy, Partly cloudy",Cool
662,2012-10-23,4,1,10,0,2,1,1,22,27,64,6,841,6625,7466,Winter,Tuesday,"Clear, Few clouds, Partly cloudy, Partly cloudy",Warm
663,2012-10-24,4,1,10,0,3,1,1,24,28,64,5,795,6898,7693,Winter,Wednesday,"Clear, Few clouds, Partly cloudy, Partly cloudy",Warm
664,2012-10-25,4,1,10,0,4,1,2,23,26,80,8,875,6484,7359,Winter,Thursday,"Mist + Cloudy, Mist + Broken clouds, Mist + Few clouds, Mist",Warm
665,2012-10-26,4,1,10,0,5,1,2,22,26,81,9,1182,6262,7444,Winter,Friday,"Mist + Cloudy, Mist + Broken clouds, Mist + Few clouds, Mist",Warm
666,2012-10-27,4,1,10,0,6,0,2,22,26,72,16,2643,5209,7852,Winter,Saturday,"Mist + Cloudy, Mist + Broken clouds, Mist + Few clouds, Mist",Warm
667,2012-10-28,4,1,10,0,0,0,2,20,23,69,27,998,3461,4459,Winter,Sunday,"Mist + Cloudy, Mist + Broken clouds, Mist + Few clouds, Mist",Cool
668,2012-10-29,4,1,10,0,1,1,3,18,22,88,24,2,20,22,Winter,Monday,"Light Snow, Light Rain + Thunderstorm + Scattered clouds, Light Rain + Scattered clouds",Cool
669,2012-10-30,4,1,10,0,2,1,2,13,15,83,14,87,1009,1096,Winter,Tuesday,"Mist + Cloudy, Mist + Broken clouds, Mist + Few clouds, Mist",Cool
670,2012-10-31,4,1,10,0,3,1,2,15,18,67,11,419,5147,5566,Winter,Wednesday,"Mist + Cloudy, Mist + Broken clouds, Mist + Few clouds, Mist",Cool
671,2012-11-01,4,1,11,0,4,1,2,15,18,58,11,466,5520,5986,Winter,Thursday,"Mist + Cloudy, Mist + Broken clouds, Mist + Few clouds, Mist",Cool
672,2012-11-02,4,1,11,0,5,1,1,15,18,52,18,618,5229,5847,Winter,Friday,"Clear, Few clouds, Partly cloudy, Partly cloudy",Cool
673,2012-11-03,4,1,11,0,6,0,2,14,16,49,18,1029,4109,5138,Winter,Saturday,"Mist + Cloudy, Mist + Broken clouds, Mist + Few clouds, Mist",Cool
674,2012-11-04,4,1,11,0,0,0,1,13,16,53,12,1201,3906,5107,Winter,Sunday,"Clear, Few clouds, Partly cloudy, Partly cloudy",Cool
675,2012-11-05,4,1,11,0,1,1,1,13,15,49,16,378,4881,5259,Winter,Monday,"Clear, Few clouds, Partly cloudy, Partly cloudy",Cool
676,2012-11-06,4,1,11,0,2,1,1,12,14,57,12,466,5220,5686,Winter,Tuesday,"Clear, Few clouds, Partly cloudy, Partly cloudy",Cool
677,2012-11-07,4,1,11,0,3,1,2,12,14,55,20,326,4709,5035,Winter,Wednesday,"Mist + Cloudy, Mist + Broken clouds, Mist + Few clouds, Mist",Cool
678,2012-11-08,4,1,11,0,4,1,1,14,17,33,23,340,4975,5315,Winter,Thursday,"Clear, Few clouds, Partly cloudy, Partly cloudy",Cool
679,2012-11-09,4,1,11,0,5,1,1,15,18,54,14,709,5283,5992,Winter,Friday,"Clear, Few clouds, Partly cloudy, Partly cloudy",Cool
680,2012-11-10,4,1,11,0,6,0,1,16,20,65,4,2090,4446,6536,Winter,Saturday,"Clear, Few clouds, Partly cloudy, Partly cloudy",Cool
681,2012-11-11,4,1,11,0,0,0,1,17,21,66,9,2290,4562,6852,Winter,Sunday,"Clear, Few clouds, Partly cloudy, Partly cloudy",Cool
682,2012-11-12,4,1,11,1,1,0,1,20,24,74,12,1097,5172,6269,Winter,Monday,"Clear, Few clouds, Partly cloudy, Partly cloudy",Cool
683,2012-11-13,4,1,11,0,2,1,2,14,16,66,23,327,3767,4094,Winter,Tuesday,"Mist + Cloudy, Mist + Broken clouds, Mist + Few clouds, Mist",Cool
684,2012-11-14,4,1,11,0,3,1,1,12,14,55,13,373,5122,5495,Winter,Wednesday,"Clear, Few clouds, Partly cloudy, Partly cloudy",Cool
685,2012-11-15,4,1,11,0,4,1,2,13,16,62,10,320,5125,5445,Winter,Thursday,"Mist + Cloudy, Mist + Broken clouds, Mist + Few clouds, Mist",Cool
686,2012-11-16,4,1,11,0,5,1,1,14,17,52,11,484,5214,5698,Winter,Friday,"Clear, Few clouds, Partly cloudy, Partly cloudy",Cool
687,2012-11-17,4,1,11,0,6,0,1,13,16,55,12,1313,4316,5629,Winter,Saturday,"Clear, Few clouds, Partly cloudy, Partly cloudy",Cool
688,2012-11-18,4,1,11,0,0,0,1,14,17,69,15,922,3747,4669,Winter,Sunday,"Clear, Few clouds, Partly cloudy, Partly cloudy",Cool
689,2012-11-19,4,1,11,0,1,1,2,16,19,62,16,449,5050,5499,Winter,Monday,"Mist + Cloudy, Mist + Broken clouds, Mist + Few clouds, Mist",Cool
690,2012-11-20,4,1,11,0,2,1,2,15,19,68,6,534,5100,5634,Winter,Tuesday,"Mist + Cloudy, Mist + Broken clouds, Mist + Few clouds, Mist",Cool
691,2012-11-21,4,1,11,0,3,1,1,14,18,61,7,615,4531,5146,Winter,Wednesday,"Clear, Few clouds, Partly cloudy, Partly cloudy",Cool
692,2012-11-22,4,1,11,1,4,0,1,14,18,58,4,955,1470,2425,Winter,Thursday,"Clear, Few clouds, Partly cloudy, Partly cloudy",Cool
693,2012-11-23,4,1,11,0,5,1,1,15,19,57,10,1603,2307,3910,Winter,Friday,"Clear, Few clouds, Partly cloudy, Partly cloudy",Cool
694,2012-11-24,4,1,11,0,6,0,1,11,12,40,25,532,1745,2277,Winter,Saturday,"Clear, Few clouds, Partly cloudy, Partly cloudy",Cool
695,2012-11-25,4,1,11,0,0,0,1,10,13,47,10,309,2115,2424,Winter,Sunday,"Clear, Few clouds, Partly cloudy, Partly cloudy",Cold
696,2012-11-26,4,1,11,0,1,1,1,13,17,54,3,337,4750,5087,Winter,Monday,"Clear, Few clouds, Partly cloudy, Partly cloudy",Cool
697,2012-11-27,4,1,11,0,2,1,2,12,14,79,16,123,3836,3959,Winter,Tuesday,"Mist + Cloudy, Mist + Broken clouds, Mist + Few clouds, Mist",Cool
698,2012-11-28,4,1,11,0,3,1,1,12,14,51,14,198,5062,5260,Winter,Wednesday,"Clear, Few clouds, Partly cloudy, Partly cloudy",Cool
699,2012-11-29,4,1,11,0,4,1,1,12,15,56,8,243,5080,5323,Winter,Thursday,"Clear, Few clouds, Partly cloudy, Partly cloudy",Cool
700,2012-11-30,4,1,11,0,5,1,1,12,16,65,4,362,5306,5668,Winter,Friday,"Clear, Few clouds, Partly cloudy, Partly cloudy",Cool
701,2012-12-01,4,1,12,0,6,0,2,12,16,81,4,951,4240,5191,Winter,Saturday,"Mist + Cloudy, Mist + Broken clouds, Mist + Few clouds, Mist",Cool
702,2012-12-02,4,1,12,0,0,0,2,14,18,82,8,892,3757,4649,Winter,Sunday,"Mist + Cloudy, Mist + Broken clouds, Mist + Few clouds, Mist",Cool
703,2012-12-03,4,1,12,0,1,1,1,19,23,77,6,555,5679,6234,Winter,Monday,"Clear, Few clouds, Partly cloudy, Partly cloudy",Cool
704,2012-12-04,4,1,12,0,2,1,1,20,23,73,12,551,6055,6606,Winter,Tuesday,"Clear, Few clouds, Partly cloudy, Partly cloudy",Cool
705,2012-12-05,4,1,12,0,3,1,1,18,21,48,22,331,5398,5729,Winter,Wednesday,"Clear, Few clouds, Partly cloudy, Partly cloudy",Cool
706,2012-12-06,4,1,12,0,4,1,1,10,13,51,12,340,5035,5375,Winter,Thursday,"Clear, Few clouds, Partly cloudy, Partly cloudy",Cold
707,2012-12-07,4,1,12,0,5,1,2,13,16,76,9,349,4659,5008,Winter,Friday,"Mist + Cloudy, Mist + Broken clouds, Mist + Few clouds, Mist",Cool
708,2012-12-08,4,1,12,0,6,0,2,16,19,91,7,1153,4429,5582,Winter,Saturday,"Mist + Cloudy, Mist + Broken clouds, Mist + Few clouds, Mist",Cool
709,2012-12-09,4,1,12,0,0,0,2,16,20,91,11,441,2787,3228,Winter,Sunday,"Mist + Cloudy, Mist + Broken clouds, Mist + Few clouds, Mist",Cool
710,2012-12-10,4,1,12,0,1,1,2,18,22,92,13,329,4841,5170,Winter,Monday,"Mist + Cloudy, Mist + Broken clouds, Mist + Few clouds, Mist",Cool
711,2012-12-11,4,1,12,0,2,1,2,14,17,60,20,282,5219,5501,Winter,Tuesday,"Mist + Cloudy, Mist + Broken clouds, Mist + Few clouds, Mist",Cool
712,2012-12-12,4,1,12,0,3,1,2,12,15,54,11,310,5009,5319,Winter,Wednesday,"Mist + Cloudy, Mist + Broken clouds, Mist + Few clouds, Mist",Cool
713,2012-12-13,4,1,12,0,4,1,1,12,15,49,12,425,5107,5532,Winter,Thursday,"Clear, Few clouds, Partly cloudy, Partly cloudy",Cool
714,2012-12-14,4,1,12,0,5,1,1,12,15,64,9,429,5182,5611,Winter,Friday,"Clear, Few clouds, Partly cloudy, Partly cloudy",Cool
715,2012-12-15,4,1,12,0,6,0,1,13,17,65,7,767,4280,5047,Winter,Saturday,"Clear, Few clouds, Partly cloudy, Partly cloudy",Cool
716,2012-12-16,4,1,12,0,0,0,2,15,18,84,7,538,3248,3786,Winter,Sunday,"Mist + Cloudy, Mist + Broken clouds, Mist + Few clouds, Mist",Cool
717,2012-12-17,4,1,12,0,1,1,2,16,20,91,7,212,4373,4585,Winter,Monday,"Mist + Cloudy, Mist + Broken clouds, Mist + Few clouds, Mist",Cool
718,2012-12-18,4,1,12,0,2,1,1,17,20,67,15,433,5124,5557,Winter,Tuesday,"Clear, Few clouds, Partly cloudy, Partly cloudy",Cool
719,2012-12-19,4,1,12,0,3,1,1,14,17,63,12,333,4934,5267,Winter,Wednesday,"Clear, Few clouds, Partly cloudy, Partly cloudy",Cool
720,2012-12-20,4,1,12,0,4,1,2,14,17,67,9,314,3814,4128,Winter,Thursday,"Mist + Cloudy, Mist + Broken clouds, Mist + Few clouds, Mist",Cool
721,2012-12-21,1,1,12,0,5,1,2,13,15,56,25,221,3402,3623,Spring,Friday,"Mist + Cloudy, Mist + Broken clouds, Mist + Few clouds, Mist",Cool
722,2012-12-22,1,1,12,0,6,0,1,11,12,44,27,205,1544,1749,Spring,Saturday,"Clear, Few clouds, Partly cloudy, Partly cloudy",Cool
723,2012-12-23,1,1,12,0,0,0,1,10,13,52,9,408,1379,1787,Spring,Sunday,"Clear, Few clouds, Partly cloudy, Partly cloudy",Cold
724,2012-12-24,1,1,12,0,1,1,2,9,13,79,5,174,746,920,Spring,Monday,"Mist + Cloudy, Mist + Broken clouds, Mist + Few clouds, Mist",Cold
725,2012-12-25,1,1,12,1,2,0,2,12,15,73,11,440,573,1013,Spring,Tuesday,"Mist + Cloudy, Mist + Broken clouds, Mist + Few clouds, Mist",Cool
726,2012-12-26,1,1,12,0,3,1,3,10,11,82,21,9,432,441,Spring,Wednesday,"Light Snow, Light Rain + Thunderstorm + Scattered clouds, Light Rain + Scattered clouds",Cold
727,2012-12-27,1,1,12,0,4,1,2,10,11,65,23,247,1867,2114,Spring,Thursday,"Mist + Cloudy, Mist + Broken clouds, Mist + Few clouds, Mist",Cold
728,2012-12-28,1,1,12,0,5,1,2,10,13,59,10,644,2451,3095,Spring,Friday,"Mist + Cloudy, Mist + Broken clouds, Mist + Few clouds, Mist",Cold
729,2012-12-29,1,1,12,0,6,0,2,10,12,75,8,159,1182,1341,Spring,Saturday,"Mist + Cloudy, Mist + Broken clouds, Mist + Few clouds, Mist",Cold
730,2012-12-30,1,1,12,0,0,0,1,10,12,48,24,364,1432,1796,Spring,Sunday,"Clear, Few clouds, Partly cloudy, Partly cloudy",Cold
731,2012-12-31,1,1,12,0,1,1,2,9,11,58,10,439,2290,2729,Spring,Monday,"Mist + Cloudy, Mist + Broken clouds, Mist + Few clouds, Mist",Cold
